vin,serial_number,model,factory,engine_type,fuel_type,transmission,chassis_number,emission_standard,production_date,delivery_date,first_registration_date,mileage,fuel_consumption,accident_date,accident_type,repair_cost,service_records,recall_status_raw,previous_owners,power_output_kw,power_output_ps,owner_id,region_code,owner_country,nearest_centre_id,distance_to_nearest_centre_km
WBA00000000000107,SN180107,X1 M35i xDrive (U11),Regensburg,"I4 turbo (B48, 300hp)",Petrol,Automatic,CH0000050107,EURO 6e-bis,2022-01-01,2022-01-30,2022-02-06,210394,8.9,,,0.00,Up to date,Closed,0,221,300,OWN-00001,EU-WE,AT,SC-HAM,14
WBA00000000000218,SN170218,X1 M35i xDrive (U11),Regensburg,"I4 turbo (B48, 300hp)",Petrol,Automatic,CH0000050218,EURO 6e-bis,2022-01-01,2022-02-10,2022-01-27,238101,11.2,,,0.00,Up to date,Closed,3,221,300,OWN-00002,EU-DE,DE,SC-STU,43
WBA00000000000212,SN200212,X1 M35i xDrive (U11),Regensburg,"I4 turbo (B48, 300hp)",Petrol,Automatic,CH0000050212,EURO 6e-bis,2022-01-01,2022-01-18,2022-02-26,79941,10.7,,,0.00,Up to date,,0,221,300,OWN-00003,EU-WE,AT,SC-LAX,147
WBA00000000000148,SN240148,X1 M35i xDrive (U11),Regensburg,"I4 turbo (B48, 300hp)",Petrol,Automatic,CH0000050148,EURO 6e-bis,2024-04-25,2024-05-08,2024-06-20,1453,8.4,,,0.00,Up to date,,0,221,300,OWN-00002,EU-DE,DE,SC-STU,43
WBA00000000000180,SN150180,X1 M35i xDrive (U11),Regensburg,"I4 turbo (B48, 300hp)",Petrol,Automatic,CH0000050180,EURO 6e-bis,2022-01-01,2022-02-08,2022-01-15,116350,9.9,,,0.00,Up to date,Closed,0,221,300,OWN-00001,EU-WE,AT,SC-HAM,14
WBA00000000000132,SN190132,X1 M35i xDrive (U11),Regensburg,"I4 turbo (B48, 300hp)",Petrol,Automatic,CH0000050132,EURO 6e-bis,2022-01-01,2022-01-28,2022-02-04,24045,7.3,,,0.00,Up to date,Open,2,221,300,OWN-00006,EU-WE,NL,SC-MIA,14
WBA00000000000068,SN200068,X1 M35i xDrive (U11),Regensburg,"I4 turbo (B48, 300hp)",Petrol,Automatic,CH0000050068,EURO 6e-bis,2022-01-01,2022-01-12,2022-02-19,105013,8.2,2024-02-25,Collision,5534.00,Up to date,Open,2,221,300,OWN-00007,EU-WE,CH,SC-NYC,187
WBA00000000000146,SN160146,X1 M35i xDrive (U11),Regensburg,"I4 turbo (B48, 300hp)",Petrol,Automatic,CH0000050146,EURO 6e-bis,2022-01-01,2022-01-11,2022-01-10,129544,11.4,,,0.00,Up to date,,0,221,300,OWN-00008,EU-DE,DE,SC-BER,158
WBA00000000000190,SN210190,X1 M35i xDrive (U11),Regensburg,"I4 turbo (B48, 300hp)",Petrol,Automatic,CH0000050190,EURO 6e-bis,2022-01-01,2022-01-31,2022-02-12,117965,9.4,,,0.00,Partial,Open,1,221,300,OWN-00009,EU-DE,DE,SC-MUN,186
WBA00000000000277,SN240277,X1 M35i xDrive (U11),Regensburg,"I4 turbo (B48, 300hp)",Petrol,Automatic,CH0000050277,EURO 6e-bis,2024-06-27,2024-07-27,2024-08-26,7205,8.2,,,0.00,Up to date,,1,221,300,OWN-00010,EU-DE,DE,SC-MUN,63
WBA00000000000131,SN240131,X1 M35i xDrive (U11),Regensburg,"I4 turbo (B48, 300hp)",Petrol,Automatic,CH0000050131,EURO 6e-bis,2024-06-09,2024-06-30,2024-07-12,12385,10.0,,,0.00,Up to date,,1,221,300,OWN-00011,EU-DE,DE,SC-HAM,31
WBA00000000000017,SN240017,X1 M35i xDrive (U11),Regensburg,"I4 turbo (B48, 300hp)",Petrol,Automatic,CH0000050017,EURO 6e-bis,2024-03-02,2024-03-30,2024-04-25,8228,8.2,,,0.00,Up to date,,0,221,300,OWN-00012,EU-DE,DE,SC-LEI,162
WBA00000000000120,SN220120,X1 M35i xDrive (U11),Regensburg,"I4 turbo (B48, 300hp)",Petrol,Automatic,CH0000050120,EURO 6e-bis,2022-02-14,2022-03-14,2022-03-27,19592,10.8,,,0.00,Up to date,,2,221,300,OWN-00013,EU-DE,DE,SC-BER,145
WBA00000000000289,SN220289,X1 M35i xDrive (U11),Regensburg,"I4 turbo (B48, 300hp)",Petrol,Automatic,CH0000050289,EURO 6e-bis,2022-05-09,2022-05-28,2022-06-20,88121,10.5,,,0.00,Up to date,Open,2,221,300,OWN-00009,EU-DE,DE,SC-MUN,186
WBA00000000000244,SN170244,X1 M35i xDrive (U11),Regensburg,"I4 turbo (B48, 300hp)",Petrol,Automatic,CH0000050244,EURO 6e-bis,2022-01-01,2022-02-09,2022-02-01,111180,7.9,,,0.00,Up to date,,1,221,300,OWN-00007,EU-WE,CH,SC-NYC,187
WBA00000000000202,SN240202,X1 M35i xDrive (U11),Regensburg,"I4 turbo (B48, 300hp)",Petrol,Automatic,CH0000050202,EURO 6e-bis,2024-02-12,2024-02-21,2024-03-24,9932,6.6,2025-07-29,Collision,3696.00,Up to date,,0,221,300,OWN-00016,EU-WE,BE,SC-MTY,100
WBA00000000000178,SN250178,X1 M35i xDrive (U11),Regensburg,"I4 turbo (B48, 300hp)",Petrol,Automatic,CH0000050178,EURO 6e-bis,2025-10-27,2025-11-10,2025-11-26,10244,11.2,,,0.00,Partial,,0,221,300,OWN-00017,EU-WE,CH,SC-HAM,19
WBA00000000000134,SN180134,X1 M35i xDrive (U11),Regensburg,"I4 turbo (B48, 300hp)",Petrol,Automatic,CH0000050134,EURO 6e-bis,2022-01-01,2022-01-24,2022-02-01,160087,9.0,,,0.00,Partial,,1,221,300,OWN-00018,EU-DE,DE,SC-HAM,67
WBA00000000000265,SN170265,X1 M35i xDrive (U11),Regensburg,"I4 turbo (B48, 300hp)",Petrol,Automatic,CH0000050265,EURO 6e-bis,2022-01-01,2022-01-19,2022-02-06,128715,7.4,,,0.00,Up to date,Open,0,221,300,OWN-00019,EU-DE,DE,SC-FRA,124
WBA00000000000183,SN220183,X1 M35i xDrive (U11),Regensburg,"I4 turbo (B48, 300hp)",Petrol,Automatic,CH0000050183,EURO 6e-bis,2022-09-29,2022-10-06,2022-11-19,13816,10.5,,,0.00,Up to date,,0,221,300,OWN-00020,EU-DE,DE,SC-MUN,102
WBA00000000000099,SN220099,X1 M35i xDrive (U11),Regensburg,"I4 turbo (B48, 300hp)",Petrol,Automatic,CH0000050099,EURO 6e-bis,2022-09-10,2022-09-19,2022-10-10,20379,10.8,,,0.00,Up to date,Closed,0,221,300,OWN-00021,EU-WE,AT,SC-FRA,187
WBA00000000000213,SN250213,X1 M35i xDrive (U11),Regensburg,"I4 turbo (B48, 300hp)",Petrol,Automatic,CH0000050213,EURO 6e-bis,2025-03-03,2025-03-13,2025-03-21,2389,10.9,2025-12-31,Vandalism,7104.00,Up to date,,1,221,300,OWN-00022,EU-WE,AT,SC-HAM,163
WBA00000000000160,SN180160,XM Label Red,Spartanburg,"V8 hybrid (S68+e, 748hp)",Hybrid,Automatic,CH0000050160,EURO 6e-bis,2023-01-01,2023-02-03,2023-01-24,65216,6.1,,,0.00,Up to date,Open,2,550,748,OWN-00023,US-CTRL,US-TX,SC-DAL,126
WBA00000000000136,SN240136,XM Label Red,Spartanburg,"V8 hybrid (S68+e, 748hp)",Hybrid,Automatic,CH0000050136,EURO 6e-bis,2024-06-03,2024-07-12,2024-06-18,2050,7.1,,,0.00,Up to date,,0,550,748,OWN-00024,US-CTRL,US-TX,SC-DAL,204
WBA00000000000286,SN200286,XM Label Red,Spartanburg,"V8 hybrid (S68+e, 748hp)",Hybrid,Automatic,CH0000050286,EURO 6e-bis,2023-01-01,2023-01-23,2023-02-26,68484,6.7,,,0.00,Up to date,Open,2,550,748,OWN-00025,US-CTRL,US-TX,SC-DAL,214
WBA00000000000163,SN210163,XM Label Red,Spartanburg,"V8 hybrid (S68+e, 748hp)",Hybrid,Automatic,CH0000050163,EURO 6e-bis,2023-01-01,2023-01-08,2023-02-12,46836,6.8,2025-07-07,Vandalism,5954.00,Up to date,,0,550,748,OWN-00026,US-WEST,US-CA,SC-LAX,62
WBA00000000000205,SN150205,XM Label Red,Spartanburg,"V8 hybrid (S68+e, 748hp)",Hybrid,Automatic,CH0000050205,EURO 6e-bis,2023-01-01,2023-01-20,2023-02-21,83718,5.0,,,0.00,Up to date,Closed,2,550,748,OWN-00027,US-CTRL,US-IL,SC-CHI,175
WBA00000000000145,SN210145,XM Label Red,Spartanburg,"V8 hybrid (S68+e, 748hp)",Hybrid,Automatic,CH0000050145,EURO 6e-bis,2023-01-01,2023-01-19,2023-02-03,106484,7.0,,,0.00,Up to date,Open,0,550,748,OWN-00028,US-EAST,US-GA,SC-MIA,75
WBA00000000000201,SN240201,XM Label Red,Spartanburg,"V8 hybrid (S68+e, 748hp)",Hybrid,Automatic,CH0000050201,EURO 6e-bis,2024-08-04,2024-08-30,2024-09-20,1895,7.2,,,0.00,Partial,Closed,0,550,748,OWN-00028,US-EAST,US-GA,SC-MIA,75
WBA00000000000140,SN230140,XM Label Red,Spartanburg,"V8 hybrid (S68+e, 748hp)",Hybrid,Automatic,CH0000050140,EURO 6e-bis,2023-01-22,2023-02-28,2023-02-03,106459,6.5,,,0.00,Up to date,,1,550,748,OWN-00030,US-WEST,US-CA,SC-LAX,157
WBA00000000000128,SN190128,XM Label Red,Spartanburg,"V8 hybrid (S68+e, 748hp)",Hybrid,Automatic,CH0000050128,EURO 6e-bis,2023-01-01,2023-01-22,2023-02-05,57857,6.2,,,0.00,Up to date,Open,2,550,748,OWN-00031,US-CTRL,US-TX,SC-DAL,138
WBA00000000000232,SN250232,XM Label Red,Spartanburg,"V8 hybrid (S68+e, 748hp)",Hybrid,Automatic,CH0000050232,EURO 6e-bis,2025-09-08,2025-10-07,2025-11-02,12823,6.1,,,0.00,Partial,,1,550,748,OWN-00032,US-CTRL,US-SC,SC-SPB,47
WBA00000000000210,SN200210,XM Label Red,Spartanburg,"V8 hybrid (S68+e, 748hp)",Hybrid,Automatic,CH0000050210,EURO 6e-bis,2023-01-01,2023-01-10,2023-01-13,36666,7.5,,,0.00,Partial,Closed,1,550,748,OWN-00033,US-EAST,US-MA,SC-MIA,106
WBA00000000000215,SN190215,XM Label Red,Spartanburg,"V8 hybrid (S68+e, 748hp)",Hybrid,Automatic,CH0000050215,EURO 6e-bis,2023-01-01,2023-02-01,2023-01-21,97695,5.7,,,0.00,Partial,,1,550,748,OWN-00034,US-EAST,US-GA,SC-NYC,149
WBA00000000000039,SN200039,1 Series 120 (F70),Leipzig,"I4 turbo (B48, 170hp)",Petrol,Automatic,CH0000050039,EURO 6e-bis,2024-01-01,2024-01-17,2024-02-08,75472,6.5,2025-09-26,Collision,5255.00,Up to date,,2,125,170,OWN-00035,EU-DE,DE,SC-HAM,182
WBA00000000000053,SN200053,1 Series 120 (F70),Leipzig,"I4 turbo (B48, 170hp)",Petrol,Automatic,CH0000050053,EURO 6e-bis,2024-01-01,2024-01-27,2024-01-14,43747,6.9,,,0.00,Partial,Open,1,125,170,OWN-00036,EU-DE,DE,SC-LEI,36
WBA00000000000055,SN220055,1 Series 120 (F70),Leipzig,"I4 turbo (B48, 170hp)",Petrol,Automatic,CH0000050055,EURO 6e-bis,2024-01-01,2024-01-13,2024-02-21,99502,6.9,,,0.00,Up to date,,0,125,170,OWN-00037,EU-DE,DE,SC-BER,8
WBA00000000000032,SN180032,1 Series 120 (F70),Leipzig,"I4 turbo (B48, 170hp)",Petrol,Automatic,CH0000050032,EURO 6e-bis,2024-01-01,2024-02-04,2024-02-05,83703,5.3,,,0.00,Partial,,1,125,170,OWN-00038,EU-DE,DE,SC-MUN,137
WBA00000000000025,SN150025,1 Series 120 (F70),Leipzig,"I4 turbo (B48, 170hp)",Petrol,Automatic,CH0000050025,EURO 6e-bis,2024-01-01,2024-01-19,2024-01-26,165520,7.1,,,0.00,Up to date,Open,2,125,170,OWN-00039,EU-WE,FR,SC-FRA,171
WBA00000000000097,SN150097,2 Series Gran Coupe (F44),Leipzig,"I4 turbo (B48, 218hp)",Petrol,Automatic,CH0000050097,EURO 6e-bis,2019-10-01,2019-11-07,2019-11-06,188935,7.3,2020-09-01,Collision,690.00,Up to date,,3,160,218,OWN-00040,EU-DE,DE,SC-MUN,103
WBA00000000000093,SN190093,2 Series Gran Coupe (F44),Leipzig,"I4 turbo (B48, 218hp)",Petrol,Automatic,CH0000050093,EURO 6e-bis,2019-10-01,2019-11-06,2019-10-29,87632,7.5,,,0.00,Partial,Open,1,160,218,OWN-00041,EU-WE,AT,SC-SPB,143
WBA00000000000083,SN200083,2 Series Gran Coupe (F44),Leipzig,"I4 turbo (B48, 218hp)",Petrol,Automatic,CH0000050083,EURO 6e-bis,2020-11-11,2020-12-21,2020-12-25,109813,6.8,,,0.00,Partial,,1,160,218,OWN-00042,EU-WE,CH,SC-LEI,133
WBA00000000000096,SN240096,2 Series Gran Coupe (F44),Leipzig,"I4 turbo (B48, 218hp)",Petrol,Automatic,CH0000050096,EURO 6e-bis,2024-04-05,2024-05-11,2024-05-17,12642,6.9,,,0.00,Partial,,0,160,218,OWN-00028,US-EAST,US-GA,SC-MIA,75
WBA00000000000103,SN200103,2 Series Gran Coupe (F44),Leipzig,"I4 turbo (B48, 218hp)",Petrol,Automatic,CH0000050103,EURO 6e-bis,2020-03-04,2020-04-09,2020-03-30,79481,6.5,,,0.00,Up to date,Open,0,160,218,OWN-00044,EU-DE,DE,SC-STU,22
WBA00000000000082,SN250082,2 Series Gran Coupe (F44),Leipzig,"I4 turbo (B48, 218hp)",Petrol,Automatic,CH0000050082,EURO 6e-bis,2025-12-13,2025-12-31,2025-12-29,8561,6.7,,,0.00,Up to date,Closed,1,160,218,OWN-00045,EU-WE,CH,SC-HAM,29
WBA00000000000125,SN200125,2 Series Gran Coupe (F44),Leipzig,"I4 turbo (B48, 218hp)",Petrol,Automatic,CH0000050125,EURO 6e-bis,2020-05-08,2020-06-11,2020-06-22,13528,6.3,,,0.00,Up to date,,0,160,218,OWN-00046,EU-DE,DE,SC-MUN,40
WBA00000000000065,SN190065,2 Series Gran Coupe (F44),Leipzig,"I4 turbo (B48, 218hp)",Petrol,Automatic,CH0000050065,EURO 6e-bis,2019-11-03,2019-12-01,2019-12-16,78447,6.0,,,0.00,Up to date,Open,0,160,218,OWN-00047,EU-WE,AT,SC-MUN,75
WBA00000000000170,SN150170,M2 (G87 LCI),San Luis Potosi,"I6 twin-turbo (S58, 480hp)",Petrol,Manual,CH0000050170,EURO 6e-bis,2015-08-22,2015-09-25,2015-09-09,117117,6.9,2016-11-14,Collision,1731.00,Partial,,3,353,480,OWN-00048,US-CTRL,US-TX,SC-DAL,146
WBA00000000000181,SN240181,M2 (G87 LCI),San Luis Potosi,"I6 twin-turbo (S58, 480hp)",Petrol,Manual,CH0000050181,EURO 6e-bis,2024-12-18,2025-01-18,2025-02-12,3254,9.7,,,0.00,Up to date,Closed,0,353,480,OWN-00049,MX,MX,SC-MTY,110
WBA00000000000173,SN220173,M2 (G87 LCI),San Luis Potosi,"I6 twin-turbo (S58, 480hp)",Petrol,Manual,CH0000050173,EURO 6e-bis,2022-09-09,2022-10-10,2022-09-21,106932,8.8,,,0.00,Partial,,1,353,480,OWN-00050,MX,MX,SC-MTY,140
WBA00000000000285,SN230285,M2 (G87 LCI),San Luis Potosi,"I6 twin-turbo (S58, 480hp)",Petrol,Manual,CH0000050285,EURO 6e-bis,2023-05-02,2023-05-22,2023-05-14,91978,9.4,,,0.00,Partial,Closed,0,353,480,OWN-00051,MX,MX,SC-MTY,24
WBA00000000000102,SN170102,M2 (G87 LCI),San Luis Potosi,"I6 twin-turbo (S58, 480hp)",Petrol,Manual,CH0000050102,EURO 6e-bis,2017-02-01,2017-02-22,2017-03-16,127621,10.4,,,0.00,Up to date,,1,353,480,OWN-00052,MX,MX,SC-MTY,9
WBA00000000000089,SN180089,M2 (G87 LCI),San Luis Potosi,"I6 twin-turbo (S58, 480hp)",Petrol,Manual,CH0000050089,EURO 6e-bis,2018-09-23,2018-10-27,2018-10-25,127992,9.3,,,0.00,Partial,,1,353,480,OWN-00047,EU-WE,AT,SC-MUN,75
WBA00000000000010,SN220010,M2 (G87 LCI),San Luis Potosi,"I6 twin-turbo (S58, 480hp)",Petrol,Manual,CH0000050010,EURO 6e-bis,2022-02-17,2022-03-18,2022-03-21,99401,11.0,,,0.00,Up to date,,0,353,480,OWN-00007,EU-WE,CH,SC-NYC,187
WBA00000000000142,SN240142,M2 (G87 LCI),San Luis Potosi,"I6 twin-turbo (S58, 480hp)",Petrol,Manual,CH0000050142,EURO 6e-bis,2024-10-29,2024-11-18,2024-12-11,690,10.2,,,0.00,Up to date,Closed,0,353,480,OWN-00055,MX,MX,SC-MTY,139
WBA00000000000295,SN170295,M2 (G87 LCI),San Luis Potosi,"I6 twin-turbo (S58, 480hp)",Petrol,Manual,CH0000050295,EURO 6e-bis,2017-05-09,2017-05-28,2017-06-11,164672,9.9,2019-06-28,Vandalism,811.00,Up to date,Closed,0,353,480,OWN-00056,US-WEST,US-CA,SC-LAX,146
WBA00000000000137,SN210137,M2 (G87 LCI),San Luis Potosi,"I6 twin-turbo (S58, 480hp)",Petrol,Manual,CH0000050137,EURO 6e-bis,2021-06-16,2021-07-12,2021-08-04,47953,11.0,,,0.00,Up to date,Open,2,353,480,OWN-00042,EU-WE,CH,SC-LEI,133
WBA00000000000268,SN250268,M2 (G87 LCI),San Luis Potosi,"I6 twin-turbo (S58, 480hp)",Petrol,Manual,CH0000050268,EURO 6e-bis,2025-12-04,2025-12-31,2025-12-31,6894,10.9,2025-12-31,Collision,4818.00,Up to date,,0,353,480,OWN-00058,MX,MX,SC-MTY,214
WBA00000000000042,SN220042,M2 (G87 LCI),San Luis Potosi,"I6 twin-turbo (S58, 480hp)",Petrol,Manual,CH0000050042,EURO 6e-bis,2022-10-15,2022-10-22,2022-11-15,106442,10.4,,,0.00,Partial,,1,353,480,OWN-00059,MX,MX,SC-MTY,176
WBA00000000000041,SN190041,M2 (G87 LCI),San Luis Potosi,"I6 twin-turbo (S58, 480hp)",Petrol,Manual,CH0000050041,EURO 6e-bis,2019-12-09,2020-01-22,2020-01-25,89852,10.7,,,0.00,Partial,Open,1,353,480,OWN-00060,US-CTRL,US-TX,SC-DAL,127
WBA00000000000253,SN220253,M2 (G87 LCI),San Luis Potosi,"I6 twin-turbo (S58, 480hp)",Petrol,Manual,CH0000050253,EURO 6e-bis,2022-02-21,2022-03-31,2022-03-31,70922,9.3,2025-08-02,Vandalism,2380.00,Up to date,,2,353,480,OWN-00061,MX,MX,SC-MTY,23
WBA00000000000169,SN220169,M2 (G87 LCI),San Luis Potosi,"I6 twin-turbo (S58, 480hp)",Petrol,Manual,CH0000050169,EURO 6e-bis,2022-05-23,2022-06-18,2022-06-14,104163,10.3,,,0.00,Partial,Open,1,353,480,OWN-00062,MX,MX,SC-MTY,71
WBA00000000000206,SN250206,M2 (G87 LCI),San Luis Potosi,"I6 twin-turbo (S58, 480hp)",Petrol,Manual,CH0000050206,EURO 6e-bis,2025-10-14,2025-11-15,2025-11-20,12185,9.0,,,0.00,Up to date,Open,1,353,480,OWN-00063,US-WEST,US-CA,SC-LAX,116
WBA00000000000187,SN210187,M2 (G87 LCI),San Luis Potosi,"I6 twin-turbo (S58, 480hp)",Petrol,Manual,CH0000050187,EURO 6e-bis,2021-08-08,2021-08-26,2021-08-27,19430,11.4,2025-01-29,Vandalism,5609.00,Up to date,Open,0,353,480,OWN-00064,US-WEST,US-CA,SC-LAX,27
WBA00000000000235,SN190235,M2 (G87 LCI),San Luis Potosi,"I6 twin-turbo (S58, 480hp)",Petrol,Manual,CH0000050235,EURO 6e-bis,2019-05-11,2019-06-04,2019-05-25,27126,10.8,,,0.00,Up to date,,0,353,480,OWN-00065,MX,MX,SC-MTY,174
WBA00000000000198,SN200198,M2 (G87 LCI),San Luis Potosi,"I6 twin-turbo (S58, 480hp)",Petrol,Manual,CH0000050198,EURO 6e-bis,2020-09-01,2020-09-25,2020-10-08,100721,7.6,,,0.00,Up to date,Closed,2,353,480,OWN-00066,MX,MX,SC-MTY,200
WBA00000000000013,SN240013,X7 M60i (G07 LCI),Spartanburg,"V8 twin-turbo (S68, 530hp)",Petrol,Automatic,CH0000050013,EURO 6e-bis,2024-12-15,2025-01-24,2025-01-19,949,11.5,,,0.00,Up to date,,0,390,530,OWN-00067,US-EAST,US-FL,SC-MIA,132
WBA00000000000280,SN230280,X7 M60i (G07 LCI),Spartanburg,"V8 twin-turbo (S68, 530hp)",Petrol,Automatic,CH0000050280,EURO 6e-bis,2023-06-02,2023-06-30,2023-07-01,66015,10.0,,,0.00,Partial,,1,390,530,OWN-00068,US-EAST,US-MA,SC-MIA,50
WBA00000000000193,SN230193,X7 M60i (G07 LCI),Spartanburg,"V8 twin-turbo (S68, 530hp)",Petrol,Automatic,CH0000050193,EURO 6e-bis,2023-10-30,2023-11-16,2023-11-22,74878,8.7,,,0.00,Up to date,,1,390,530,OWN-00069,US-EAST,US-MA,SC-NYC,208
WBA00000000000166,SN220166,X7 M60i (G07 LCI),Spartanburg,"V8 twin-turbo (S68, 530hp)",Petrol,Automatic,CH0000050166,EURO 6e-bis,2022-02-20,2022-03-12,2022-03-15,62389,10.7,,,0.00,Up to date,Closed,2,390,530,OWN-00070,US-WEST,US-CA,SC-LAX,186
WBA00000000000242,SN190242,X7 M60i (G07 LCI),Spartanburg,"V8 twin-turbo (S68, 530hp)",Petrol,Automatic,CH0000050242,EURO 6e-bis,2022-01-01,2022-02-03,2022-02-11,77277,8.2,,,0.00,Up to date,,2,390,530,OWN-00071,US-EAST,US-GA,SC-MIA,56
WBA00000000000272,SN200272,X7 M60i (G07 LCI),Spartanburg,"V8 twin-turbo (S68, 530hp)",Petrol,Automatic,CH0000050272,EURO 6e-bis,2022-01-01,2022-02-02,2022-02-25,118858,10.6,,,0.00,Partial,,1,390,530,OWN-00072,US-CTRL,US-SC,SC-SPB,199
WBA00000000000110,SN200110,X7 M60i (G07 LCI),Spartanburg,"V8 twin-turbo (S68, 530hp)",Petrol,Automatic,CH0000050110,EURO 6e-bis,2022-01-01,2022-01-13,2022-02-25,82727,10.0,,,0.00,Partial,,1,390,530,OWN-00073,US-CTRL,US-SC,SC-SPB,136
WBA00000000000282,SN240282,X7 M60i (G07 LCI),Spartanburg,"V8 twin-turbo (S68, 530hp)",Petrol,Automatic,CH0000050282,EURO 6e-bis,2024-01-16,2024-02-04,2024-02-23,12247,8.6,2025-05-01,Minor,2123.00,Partial,,1,390,530,OWN-00074,US-EAST,US-FL,SC-MIA,138
WBA00000000000046,SN250046,X7 M60i (G07 LCI),Spartanburg,"V8 twin-turbo (S68, 530hp)",Petrol,Automatic,CH0000050046,EURO 6e-bis,2025-12-12,2025-12-24,2025-12-31,1426,6.8,,,0.00,Up to date,,1,390,530,OWN-00028,US-EAST,US-GA,SC-MIA,75
WBA00000000000038,SN170038,X7 M60i (G07 LCI),Spartanburg,"V8 twin-turbo (S68, 530hp)",Petrol,Automatic,CH0000050038,EURO 6e-bis,2022-01-01,2022-01-23,2022-02-25,169794,11.1,2024-07-25,Minor,3335.00,Up to date,,1,390,530,OWN-00011,EU-DE,DE,SC-HAM,31
WBA00000000000144,SN190144,X7 M60i (G07 LCI),Spartanburg,"V8 twin-turbo (S68, 530hp)",Petrol,Automatic,CH0000050144,EURO 6e-bis,2022-01-01,2022-01-19,2022-02-06,99363,9.8,,,0.00,Up to date,Closed,2,390,530,OWN-00077,US-CTRL,US-TX,SC-DAL,38
WBA00000000000224,SN210224,X7 M60i (G07 LCI),Spartanburg,"V8 twin-turbo (S68, 530hp)",Petrol,Automatic,CH0000050224,EURO 6e-bis,2022-01-01,2022-02-03,2022-01-11,76198,10.8,2023-07-22,Rear-end,6043.00,Up to date,,0,390,530,OWN-00078,US-CTRL,US-TX,SC-DAL,166
WBA00000000000269,SN170269,X7 M60i (G07 LCI),Spartanburg,"V8 twin-turbo (S68, 530hp)",Petrol,Automatic,CH0000050269,EURO 6e-bis,2022-01-01,2022-02-10,2022-01-31,94698,10.6,,,0.00,Partial,,3,390,530,OWN-00078,US-CTRL,US-TX,SC-DAL,166
WBA00000000000092,SN240092,X1 M35i xDrive (U11),Regensburg,"I4 turbo (B48, 300hp)",Petrol,Automatic,CH0000050092,EURO 6e-bis,2024-01-21,2024-02-12,2024-02-04,8085,7.6,,,0.00,Up to date,Closed,1,221,300,OWN-00080,EU-DE,DE,SC-STU,179
WBA00000000000077,SN160077,X1 M35i xDrive (U11),Regensburg,"I4 turbo (B48, 300hp)",Petrol,Automatic,CH0000050077,EURO 6e-bis,2022-01-01,2022-01-25,2022-02-14,105002,8.3,,,0.00,Up to date,,2,221,300,OWN-00081,EU-DE,DE,SC-FRA,109
WBA00000000000050,SN230050,X1 M35i xDrive (U11),Regensburg,"I4 turbo (B48, 300hp)",Petrol,Automatic,CH0000050050,EURO 6e-bis,2023-12-07,2024-01-19,2024-01-08,65368,10.0,,,0.00,Partial,,0,221,300,OWN-00045,EU-WE,CH,SC-HAM,29
WBA00000000000026,SN210026,X1 M35i xDrive (U11),Regensburg,"I4 turbo (B48, 300hp)",Petrol,Automatic,CH0000050026,EURO 6e-bis,2022-01-01,2022-01-21,2022-02-19,50210,9.8,,,0.00,Up to date,,0,221,300,OWN-00083,EU-DE,DE,SC-COL,125
WBA00000000000014,SN240014,X1 M35i xDrive (U11),Regensburg,"I4 turbo (B48, 300hp)",Petrol,Automatic,CH0000050014,EURO 6e-bis,2024-01-01,2024-02-08,2024-02-03,14162,9.8,,,0.00,Up to date,,0,221,300,OWN-00084,EU-WE,BE,SC-HAM,26
WBA00000000000197,SN230197,M2 (G87 LCI),San Luis Potosi,"I6 twin-turbo (S58, 480hp)",Petrol,Manual,CH0000050197,EURO 6e-bis,2023-11-13,2023-11-22,2024-01-02,51148,10.9,,,0.00,Up to date,Closed,1,353,480,OWN-00085,MX,MX,SC-MTY,97
WBA00000000000245,SN220245,M2 (G87 LCI),San Luis Potosi,"I6 twin-turbo (S58, 480hp)",Petrol,Manual,CH0000050245,EURO 6e-bis,2022-02-17,2022-03-15,2022-04-07,102070,9.8,,,0.00,Up to date,Closed,2,353,480,OWN-00086,MX,MX,SC-MTY,80
WBA00000000000031,SN230031,M2 (G87 LCI),San Luis Potosi,"I6 twin-turbo (S58, 480hp)",Petrol,Manual,CH0000050031,EURO 6e-bis,2023-04-20,2023-05-17,2023-05-04,45423,10.0,,,0.00,Up to date,,1,353,480,OWN-00087,MX,MX,SC-MTY,178
WBA00000000000062,SN150062,M2 (G87 LCI),San Luis Potosi,"I6 twin-turbo (S58, 480hp)",Petrol,Manual,CH0000050062,EURO 6e-bis,2015-05-17,2015-06-26,2015-06-27,66407,7.2,,,0.00,Up to date,Closed,3,353,480,OWN-00088,MX,MX,SC-MTY,42
WBA00000000000011,SN210011,M2 (G87 LCI),San Luis Potosi,"I6 twin-turbo (S58, 480hp)",Petrol,Manual,CH0000050011,EURO 6e-bis,2021-05-06,2021-05-18,2021-06-26,44164,8.3,2023-04-10,Collision,3488.00,Up to date,,2,353,480,OWN-00089,MX,MX,SC-MTY,77
WBA00000000000300,SN160300,M2 (G87 LCI),San Luis Potosi,"I6 twin-turbo (S58, 480hp)",Petrol,Manual,CH0000050300,EURO 6e-bis,2016-09-12,2016-09-21,2016-10-03,191056,10.3,,,0.00,Up to date,,2,353,480,OWN-00090,MX,MX,SC-MTY,60
WBA00000000000054,SN170054,M2 (G87 LCI),San Luis Potosi,"I6 twin-turbo (S58, 480hp)",Petrol,Manual,CH0000050054,EURO 6e-bis,2017-10-23,2017-11-10,2017-11-08,192375,9.8,,,0.00,Up to date,,2,353,480,OWN-00091,MX,MX,SC-MTY,72
WBA00000000000196,SN250196,X7 M60i (G07 LCI),Spartanburg,"V8 twin-turbo (S68, 530hp)",Petrol,Automatic,CH0000050196,EURO 6e-bis,2025-02-26,2025-04-06,2025-04-25,730,7.5,,,0.00,Up to date,Open,0,390,530,OWN-00092,US-CTRL,US-SC,SC-SPB,170
WBA00000000000056,SN220056,X7 M60i (G07 LCI),Spartanburg,"V8 twin-turbo (S68, 530hp)",Petrol,Automatic,CH0000050056,EURO 6e-bis,2022-12-05,2022-12-17,2022-12-28,10029,9.7,,,0.00,Up to date,Open,0,390,530,OWN-00093,US-WEST,US-CA,SC-LAX,8
WBA00000000000261,SN200261,X7 M60i (G07 LCI),Spartanburg,"V8 twin-turbo (S68, 530hp)",Petrol,Automatic,CH0000050261,EURO 6e-bis,2022-01-01,2022-01-20,2022-01-28,13585,8.1,,,0.00,Up to date,Closed,2,390,530,OWN-00094,US-EAST,US-FL,SC-MIA,49
WBA00000000000231,SN230231,X7 M60i (G07 LCI),Spartanburg,"V8 twin-turbo (S68, 530hp)",Petrol,Automatic,CH0000050231,EURO 6e-bis,2023-11-05,2023-12-01,2023-11-18,95253,11.2,,,0.00,Up to date,,0,390,530,OWN-00095,US-EAST,US-MA,SC-MIA,36
WBA00000000000254,SN190254,X7 M60i (G07 LCI),Spartanburg,"V8 twin-turbo (S68, 530hp)",Petrol,Automatic,CH0000050254,EURO 6e-bis,2022-01-01,2022-02-13,2022-02-07,52106,10.5,2022-11-12,Collision,2701.00,Partial,Open,1,390,530,OWN-00024,US-CTRL,US-TX,SC-DAL,204
WBA00000000000188,SN150188,X7 M60i (G07 LCI),Spartanburg,"V8 twin-turbo (S68, 530hp)",Petrol,Automatic,CH0000050188,EURO 6e-bis,2022-01-01,2022-01-26,2022-02-22,150810,9.6,,,0.00,Partial,,0,390,530,OWN-00097,US-CTRL,US-IL,SC-CHI,118
WBA00000000000279,SN160279,XM Label Red,Spartanburg,"V8 hybrid (S68+e, 748hp)",Hybrid,Automatic,CH0000050279,EURO 6e-bis,2023-01-01,2023-01-18,2023-02-04,131291,5.0,,,0.00,Partial,,0,550,748,OWN-00046,EU-DE,DE,SC-MUN,40
WBA00000000000182,SN240182,XM Label Red,Spartanburg,"V8 hybrid (S68+e, 748hp)",Hybrid,Automatic,CH0000050182,EURO 6e-bis,2024-11-19,2024-12-14,2024-11-30,3247,5.8,,,0.00,Up to date,,1,550,748,OWN-00099,US-CTRL,US-SC,SC-SPB,61
WBA00000000000043,SN160043,1 Series 120 (F70),Leipzig,"I4 turbo (B48, 170hp)",Petrol,Automatic,CH0000050043,EURO 6e-bis,2024-01-01,2024-01-17,2024-01-19,101959,6.6,,,0.00,Partial,,3,125,170,OWN-00100,EU-WE,FR,SC-HAM,98
WBA00000000000020,SN170020,1 Series 120 (F70),Leipzig,"I4 turbo (B48, 170hp)",Petrol,Automatic,CH0000050020,EURO 6e-bis,2024-01-01,2024-01-17,2024-01-30,149309,6.1,,,0.00,Up to date,,3,125,170,OWN-00101,EU-DE,DE,SC-MUN,68
WBA00000000000016,SN160016,1 Series 120 (F70),Leipzig,"I4 turbo (B48, 170hp)",Petrol,Automatic,CH0000050016,EURO 6e-bis,2024-01-01,2024-01-22,2024-02-16,184380,5.8,,,0.00,Up to date,,3,125,170,OWN-00102,EU-DE,DE,SC-REG,14
WBA00000000000271,SN160271,XM Label Red,Spartanburg,"V8 hybrid (S68+e, 748hp)",Hybrid,Automatic,CH0000050271,EURO 6e-bis,2023-01-01,2023-01-19,2023-01-24,180058,6.3,,,0.00,Up to date,,2,550,748,OWN-00103,US-CTRL,US-IL,SC-CHI,213
WBAEXT00001,SN300001,3 Series 320i (G21 LCI),Munich,"I4 turbo (B48, 184hp)",Petrol,Automatic,CH6000001,EURO 6e-bis,2025-10-19,2025-11-20,2025-12-13,0,7.5,,,,Up to date,,0,135,184,OWN-00104,EU-WE,CH,SC-SPB,71
WBAEXT00003,SN300003,X1 xDrive23i (U11),Regensburg,"I4 turbo (B48, 218hp)",Petrol,Automatic,CH6000003,EURO 6e-bis,2025-10-27,2025-11-10,2025-11-26,0,11.2,,,,Up to date,,0,160,218,OWN-00105,EU-WE,CH,SC-HAM,105
WBAEXT00004,SN300004,X3 xDrive30i (G45),Spartanburg,"I4 turbo (B48, 245hp)",Petrol,Automatic,CH6000004,EURO 6e-bis,2025-11-03,2025-12-17,2025-11-21,0,8.3,,,,Up to date,,0,180,245,OWN-00106,US-EAST,US-GA,SC-MIA,59
WBAEXT00006,SN300006,X7 xDrive40d (G07 LCI),Spartanburg,"I6 turbo diesel (B57, 352hp)",Diesel,Automatic,CH6000006,EURO 6e-bis,2025-12-12,2025-12-24,2025-12-31,0,6.8,,,,Up to date,,0,259,352,OWN-00107,US-EAST,US-GA,SC-NYC,86
WBA5G30PHEV19B,,i5 M60 xDrive,Dingolfing,Dual-motor electric (Gen5),Electric,Automatic,,Zero Emission,2023-01-01,2023-01-21,2023-02-07,11000,0.0,,,,,,,442,601,OWN-00108,EU-WE,IT,SC-STU,65
WBA5G30PHEV21D,,i5 M60 xDrive,Dingolfing,Dual-motor electric (Gen5),Electric,Automatic,,Zero Emission,2023-01-01,2023-01-19,2023-02-06,4200,0.0,,,,,,,442,601,OWN-00030,US-WEST,US-CA,SC-LAX,157
WBA5G30PHEV25A,,i5 M60 xDrive,Dingolfing,Dual-motor electric (Gen5),Electric,Automatic,,Zero Emission,2025-01-12,2025-02-03,2025-02-20,200,0.0,,,,,,,442,601,OWN-00110,EU-DE,DE,SC-HAM,205
WBA5G30PHEV17A,,i5 M60 xDrive,Dingolfing,Dual-motor electric (Gen5),Electric,Automatic,,Zero Emission,2023-01-01,2023-01-21,2023-02-05,22000,0.0,,,,,,,442,601,OWN-00111,EU-WE,AT,SC-DAL,110
WBA5G30PHEV23E,,i5 M60 xDrive,Dingolfing,Dual-motor electric (Gen5),Electric,Automatic,,Zero Emission,2023-09-10,2023-10-01,2023-10-20,1500,0.0,,,,,,,442,601,OWN-00112,EU-WE,IT,SC-DAL,92
WBA5G30PHEV23F,,i5 M60 xDrive,Dingolfing,Dual-motor electric (Gen5),Electric,Automatic,,Zero Emission,2023-10-15,2023-11-02,2023-11-25,900,0.0,,,,,,,442,601,OWN-00113,EU-DE,DE,SC-FRA,53
WBA5G30PHEV20B,,i5 M60 xDrive,Dingolfing,Dual-motor electric (Gen5),Electric,Automatic,,Zero Emission,2023-01-01,2023-01-22,2023-02-14,8000,0.0,,,,,,,442,601,OWN-00114,EU-DE,DE,SC-COL,35
WBA5G30PHEV19A,,i5 M60 xDrive,Dingolfing,Dual-motor electric (Gen5),Electric,Automatic,,Zero Emission,2023-01-01,2023-01-27,2023-02-11,12000,0.0,,,,,,,442,601,OWN-00115,EU-DE,DE,SC-LEI,119
WBA5G30PHEV20C,,i5 M60 xDrive,Dingolfing,Dual-motor electric (Gen5),Electric,Automatic,,Zero Emission,2023-01-01,2023-01-20,2023-02-08,7000,0.0,,,,,,,442,601,OWN-00116,EU-WE,NL,SC-HAM,106
WBA5G30PHEV18A,,i5 M60 xDrive,Dingolfing,Dual-motor electric (Gen5),Electric,Automatic,,Zero Emission,2023-01-01,2023-01-20,2023-02-08,18000,0.0,,,,,,,442,601,OWN-00117,EU-DE,DE,SC-FRA,19
WBA5G30PHEV22E,,i5 M60 xDrive,Dingolfing,Dual-motor electric (Gen5),Electric,Automatic,,Zero Emission,2023-01-01,2023-01-20,2023-02-07,2800,0.0,,,,,,,442,601,OWN-00118,EU-DE,DE,SC-STU,101
WBA5G30PHEV25B,,i5 M60 xDrive,Dingolfing,Dual-motor electric (Gen5),Electric,Automatic,,Zero Emission,2025-03-05,2025-03-24,2025-04-10,120,0.0,,,,,,,442,601,OWN-00119,EU-WE,AT,SC-MTY,92
WBA5G30PHEV18B,,i5 M60 xDrive,Dingolfing,Dual-motor electric (Gen5),Electric,Automatic,,Zero Emission,2023-01-01,2023-01-20,2023-02-06,16000,0.0,,,,,,,442,601,OWN-00120,EU-WE,AT,SC-CHI,39
WBA5G30PHEV22D,,i5 M60 xDrive,Dingolfing,Dual-motor electric (Gen5),Electric,Automatic,,Zero Emission,2023-01-01,2023-01-18,2023-02-05,3000,0.0,,,,,,,442,601,OWN-00121,EU-DE,DE,SC-FRA,178
WBA5G30PHEV24G,,i5 M60 xDrive,Dingolfing,Dual-motor electric (Gen5),Electric,Automatic,,Zero Emission,2024-03-05,2024-03-22,2024-04-12,600,0.0,,,,,,,442,601,OWN-00122,EU-DE,DE,SC-FRA,149
WBA5G30PHEV24H,,i5 M60 xDrive,Dingolfing,Dual-motor electric (Gen5),Electric,Automatic,,Zero Emission,2024-06-01,2024-06-18,2024-07-05,350,0.0,,,,,,,442,601,OWN-00063,US-WEST,US-CA,SC-LAX,116
WBA5G30PHEV21C,,i5 M60 xDrive,Dingolfing,Dual-motor electric (Gen5),Electric,Automatic,,Zero Emission,2023-01-01,2023-01-19,2023-02-11,4500,0.0,,,,,,,442,601,OWN-00124,EU-DE,DE,SC-MUN,165
WBA00000000000258,SN230258,i5 eDrive40 (G60),Dingolfing,Single-motor electric (Gen5),Electric,Automatic,CH0000050258,Zero Emission,2023-06-18,2023-07-11,2023-08-04,73239,0.0,,,0.00,Up to date,Closed,1,250,340,OWN-00125,EU-DE,DE,SC-COL,85
WBA00000000000199,SN150199,i5 eDrive40 (G60),Dingolfing,Single-motor electric (Gen5),Electric,Automatic,CH0000050199,Zero Emission,2023-01-01,2023-01-20,2023-01-25,112166,0.0,2023-12-19,Rear-end,668.00,Partial,,1,250,340,OWN-00126,EU-DE,DE,SC-LEI,127
WBA00000000000018,SN240018,i5 eDrive40 (G60),Dingolfing,Single-motor electric (Gen5),Electric,Automatic,CH0000050018,Zero Emission,2024-02-07,2024-03-14,2024-04-07,11702,0.0,,,0.00,Up to date,,0,250,340,OWN-00127,EU-WE,AT,SC-STU,138
WBA00000000000259,SN230259,i5 eDrive40 (G60),Dingolfing,Single-motor electric (Gen5),Electric,Automatic,CH0000050259,Zero Emission,2023-10-31,2023-11-09,2023-12-06,78958,0.0,,,0.00,Partial,,1,250,340,OWN-00128,EU-NE,GB,SC-SPB,196
WBA00000000000241,SN230241,i5 eDrive40 (G60),Dingolfing,Single-motor electric (Gen5),Electric,Automatic,CH0000050241,Zero Emission,2023-11-03,2023-11-10,2023-11-27,45880,0.0,,,0.00,Partial,,0,250,340,OWN-00129,EU-DE,DE,SC-FRA,139
WBA00000000000297,SN250297,i5 eDrive40 (G60),Dingolfing,Single-motor electric (Gen5),Electric,Automatic,CH0000050297,Zero Emission,2025-05-21,2025-07-04,2025-07-17,8051,0.0,,,0.00,Up to date,,0,250,340,OWN-00130,EU-WE,BE,SC-LEI,31
WBA00000000000155,SN220155,i5 eDrive40 (G60),Dingolfing,Single-motor electric (Gen5),Electric,Automatic,CH0000050155,Zero Emission,2023-01-01,2023-01-08,2023-02-09,105776,0.0,,,0.00,Partial,,1,250,340,OWN-00131,EU-WE,FR,SC-STU,180
WBA00000000000135,SN200135,i5 eDrive40 (G60),Dingolfing,Single-motor electric (Gen5),Electric,Automatic,CH0000050135,Zero Emission,2023-01-01,2023-01-24,2023-01-10,50948,0.0,,,0.00,Up to date,,0,250,340,OWN-00132,EU-WE,FR,SC-STU,45
WBA00000000000172,SN250172,i5 eDrive40 (G60),Dingolfing,Single-motor electric (Gen5),Electric,Automatic,CH0000050172,Zero Emission,2025-10-21,2025-10-28,2025-11-01,8951,0.0,,,0.00,Up to date,,0,250,340,OWN-00037,EU-DE,DE,SC-BER,8
WBA00000000000204,SN220204,i5 eDrive40 (G60),Dingolfing,Single-motor electric (Gen5),Electric,Automatic,CH0000050204,Zero Emission,2023-01-01,2023-02-15,2023-03-02,14579,0.0,,,0.00,Up to date,Closed,0,250,340,OWN-00134,EU-WE,BE,SC-CHI,204
WBA00000000000009,SN210009,i5 eDrive40 (G60),Dingolfing,Single-motor electric (Gen5),Electric,Automatic,CH0000050009,Zero Emission,2023-01-01,2023-01-28,2023-01-21,116982,0.0,,,0.00,Up to date,,2,250,340,OWN-00063,US-WEST,US-CA,SC-LAX,116
WBA00000000000250,SN150250,i5 eDrive40 (G60),Dingolfing,Single-motor electric (Gen5),Electric,Automatic,CH0000050250,Zero Emission,2023-01-01,2023-02-09,2023-01-25,69756,0.0,,,0.00,Partial,,2,250,340,OWN-00136,EU-WE,BE,SC-STU,191
WBA00000000000248,SN230248,i5 eDrive40 (G60),Dingolfing,Single-motor electric (Gen5),Electric,Automatic,CH0000050248,Zero Emission,2023-08-08,2023-09-13,2023-08-25,41662,0.0,2025-12-31,Collision,5708.00,Partial,,1,250,340,OWN-00137,EU-DE,DE,SC-REG,70
WBA00000000000184,SN220184,i5 eDrive40 (G60),Dingolfing,Single-motor electric (Gen5),Electric,Automatic,CH0000050184,Zero Emission,2023-01-01,2023-01-16,2023-01-17,15178,0.0,,,0.00,Up to date,Closed,2,250,340,OWN-00104,EU-WE,CH,SC-SPB,71
WBA00000000000037,SN170037,i5 eDrive40 (G60),Dingolfing,Single-motor electric (Gen5),Electric,Automatic,CH0000050037,Zero Emission,2023-01-01,2023-01-25,2023-02-28,82561,0.0,,,0.00,Partial,Closed,0,250,340,OWN-00113,EU-DE,DE,SC-FRA,53
WBA00000000000266,SN150266,i5 eDrive40 (G60),Dingolfing,Single-motor electric (Gen5),Electric,Automatic,CH0000050266,Zero Emission,2023-01-01,2023-02-15,2023-03-01,71191,0.0,,,0.00,Partial,Open,0,250,340,OWN-00140,EU-NE,GB,SC-HAM,207
WBA00000000000227,SN210227,i5 eDrive40 (G60),Dingolfing,Single-motor electric (Gen5),Electric,Automatic,CH0000050227,Zero Emission,2023-01-01,2023-02-11,2023-02-18,20420,0.0,,,0.00,Up to date,,2,250,340,OWN-00141,EU-DE,DE,SC-BER,20
WBA00000000000109,SN220109,i5 eDrive40 (G60),Dingolfing,Single-motor electric (Gen5),Electric,Automatic,CH0000050109,Zero Emission,2023-01-01,2023-01-28,2023-02-15,51671,0.0,2025-08-28,Collision,5902.00,Up to date,Open,0,250,340,OWN-00142,EU-NE,GB,SC-CHI,39
WBA00000000000095,SN180095,i5 eDrive40 (G60),Dingolfing,Single-motor electric (Gen5),Electric,Automatic,CH0000050095,Zero Emission,2023-01-01,2023-01-08,2023-01-24,134220,0.0,,,0.00,Partial,,1,250,340,OWN-00143,EU-WE,FR,SC-BER,178
WBA00000000000044,SN240044,X5 M60e (G05 LCI),Spartanburg,I6 + e-motor PHEV (Gen5),Hybrid,Automatic,CH0000050044,EURO 6e-bis,2024-07-10,2024-08-03,2024-08-03,8157,7.5,,,0.00,Up to date,,1,360,489,OWN-00144,US-CTRL,US-IL,SC-CHI,164
WBA00000000000080,SN220080,X5 M60e (G05 LCI),Spartanburg,I6 + e-motor PHEV (Gen5),Hybrid,Automatic,CH0000050080,EURO 6e-bis,2023-01-01,2023-02-03,2023-01-19,115963,6.3,,,0.00,Up to date,,2,360,489,OWN-00145,US-EAST,US-MA,SC-NYC,48
WBA00000000000104,SN210104,X5 M60e (G05 LCI),Spartanburg,I6 + e-motor PHEV (Gen5),Hybrid,Automatic,CH0000050104,EURO 6e-bis,2023-01-01,2023-01-31,2023-02-19,70050,6.3,,,0.00,Up to date,Open,0,360,489,OWN-00146,US-EAST,US-GA,SC-NYC,74
WBA00000000000150,SN240150,X5 M60e (G05 LCI),Spartanburg,I6 + e-motor PHEV (Gen5),Hybrid,Automatic,CH0000050150,EURO 6e-bis,2024-11-26,2024-12-14,2025-01-02,7629,7.5,,,0.00,Up to date,Open,0,360,489,OWN-00147,US-WEST,US-CA,SC-LAX,168
WBA00000000000059,SN150059,X5 M60e (G05 LCI),Spartanburg,I6 + e-motor PHEV (Gen5),Hybrid,Automatic,CH0000050059,EURO 6e-bis,2023-01-01,2023-01-25,2023-02-17,116127,6.1,,,0.00,Partial,Closed,1,360,489,OWN-00148,US-EAST,US-GA,SC-MIA,190
WBA00000000000085,SN150085,X5 M60e (G05 LCI),Spartanburg,I6 + e-motor PHEV (Gen5),Hybrid,Automatic,CH0000050085,EURO 6e-bis,2023-01-01,2023-01-21,2023-02-19,146044,5.0,,,0.00,Up to date,Closed,2,360,489,OWN-00149,US-WEST,US-CA,SC-LAX,89
WBA00000000000171,SN190171,X5 M60e (G05 LCI),Spartanburg,I6 + e-motor PHEV (Gen5),Hybrid,Automatic,CH0000050171,EURO 6e-bis,2023-01-01,2023-01-08,2023-01-14,27831,6.7,,,0.00,Up to date,,2,360,489,OWN-00150,US-EAST,US-NY,SC-NYC,46
WBA00000000000246,SN230246,X5 M60e (G05 LCI),Spartanburg,I6 + e-motor PHEV (Gen5),Hybrid,Automatic,CH0000050246,EURO 6e-bis,2023-11-20,2023-12-08,2023-12-17,50946,6.5,,,0.00,Up to date,,1,360,489,OWN-00151,US-EAST,US-FL,SC-MIA,24
WBA00000000000222,SN190222,X5 M60e (G05 LCI),Spartanburg,I6 + e-motor PHEV (Gen5),Hybrid,Automatic,CH0000050222,EURO 6e-bis,2023-01-01,2023-02-06,2023-02-28,111953,5.1,2026-11-30,Rear-end,3730.00,Partial,,1,360,489,OWN-00152,US-CTRL,US-IL,SC-CHI,114
WBA00000000000283,SN180283,X5 M60e (G05 LCI),Spartanburg,I6 + e-motor PHEV (Gen5),Hybrid,Automatic,CH0000050283,EURO 6e-bis,2023-01-01,2023-02-11,2023-01-19,138929,5.6,2026-05-27,Rear-end,339.00,Partial,,1,360,489,OWN-00125,EU-DE,DE,SC-COL,85
WBA00000000000012,SN200012,X5 M60e (G05 LCI),Spartanburg,I6 + e-motor PHEV (Gen5),Hybrid,Automatic,CH0000050012,EURO 6e-bis,2023-01-01,2023-02-13,2023-01-18,97484,7.4,,,0.00,Partial,Closed,1,360,489,OWN-00154,US-CTRL,US-SC,SC-SPB,130
WBA00000000000290,SN180290,X5 M60e (G05 LCI),Spartanburg,I6 + e-motor PHEV (Gen5),Hybrid,Automatic,CH0000050290,EURO 6e-bis,2023-01-01,2023-01-12,2023-02-17,89830,7.1,,,0.00,Partial,,1,360,489,OWN-00106,US-EAST,US-GA,SC-MIA,59
WBA00000000000273,SN180273,X5 M60e (G05 LCI),Spartanburg,I6 + e-motor PHEV (Gen5),Hybrid,Automatic,CH0000050273,EURO 6e-bis,2023-01-01,2023-01-24,2023-01-16,85947,5.0,2024-01-04,Minor,1037.00,Partial,,1,360,489,OWN-00156,US-EAST,US-MA,SC-NYC,145
WBA00000000000214,SN150214,3 Series 330i (G21 LCI),Munich,I4 turbo (B48),Petrol,Automatic,CH0000050214,EURO 6e-bis,2019-01-01,2019-02-10,2019-02-17,60010,7.0,,,0.00,Up to date,,1,190,258,OWN-00157,EU-WE,NL,SC-SPB,162
WBA00000000000203,SN180203,3 Series 330i (G21 LCI),Munich,I4 turbo (B48),Petrol,Automatic,CH0000050203,EURO 6e-bis,2019-01-01,2019-01-11,2019-01-28,239958,11.0,2020-10-14,Minor,4538.00,Up to date,,0,190,258,OWN-00158,EU-DE,DE,SC-STU,77
WBA00000000000226,SN240226,3 Series 330i (G21 LCI),Munich,I4 turbo (B48),Petrol,Automatic,CH0000050226,EURO 6e-bis,2024-11-08,2024-11-22,2024-12-10,601,7.1,,,0.00,Partial,,0,190,258,OWN-00159,EU-DE,DE,SC-REG,94
WBA00000000000071,SN170071,3 Series 330i (G21 LCI),Munich,I4 turbo (B48),Petrol,Automatic,CH0000050071,EURO 6e-bis,2019-01-01,2019-01-11,2019-02-14,69481,9.7,,,0.00,Partial,,2,190,258,OWN-00160,EU-WE,FR,SC-REG,193
WBA00000000000195,SN210195,3 Series 330i (G21 LCI),Munich,I4 turbo (B48),Petrol,Automatic,CH0000050195,EURO 6e-bis,2021-03-02,2021-03-22,2021-04-17,83935,6.5,,,0.00,Up to date,,0,190,258,OWN-00161,EU-DE,DE,SC-MUN,167
WBA00000000000115,SN250115,3 Series 330i (G21 LCI),Munich,I4 turbo (B48),Petrol,Automatic,CH0000050115,EURO 6e-bis,2025-01-05,2025-01-13,2025-02-05,10236,7.3,2025-12-31,Rear-end,5022.00,Partial,Closed,1,190,258,OWN-00162,EU-DE,DE,SC-COL,29
WBA00000000000123,SN170123,3 Series 330i (G21 LCI),Munich,I4 turbo (B48),Petrol,Automatic,CH0000050123,EURO 6e-bis,2019-01-01,2019-01-22,2019-01-16,193331,6.9,,,0.00,Up to date,Open,1,190,258,OWN-00163,EU-DE,DE,SC-BER,54
WBA00000000000040,SN170040,3 Series 330i (G21 LCI),Munich,I4 turbo (B48),Petrol,Automatic,CH0000050040,EURO 6e-bis,2019-01-01,2019-02-02,2019-01-11,167535,8.8,,,0.00,Partial,,3,190,258,OWN-00114,EU-DE,DE,SC-COL,35
WBA00000000000100,SN220100,3 Series 330i (G21 LCI),Munich,I4 turbo (B48),Petrol,Automatic,CH0000050100,EURO 6e-bis,2022-05-21,2022-06-23,2022-07-13,15119,11.4,,,0.00,Partial,,1,190,258,OWN-00165,EU-DE,DE,SC-LEI,94
WBA00000000000149,SN230149,3 Series 330i (G21 LCI),Munich,I4 turbo (B48),Petrol,Automatic,CH0000050149,EURO 6e-bis,2023-07-21,2023-08-31,2023-08-25,118053,7.0,,,0.00,Up to date,,1,190,258,OWN-00166,EU-DE,DE,SC-FRA,200
WBA00000000000067,SN180067,3 Series 330i (G21 LCI),Munich,I4 turbo (B48),Petrol,Automatic,CH0000050067,EURO 6e-bis,2019-01-01,2019-02-07,2019-01-17,173931,6.9,,,0.00,Partial,,1,190,258,OWN-00167,EU-DE,DE,SC-FRA,28
WBA00000000000211,SN250211,3 Series 330i (G21 LCI),Munich,I4 turbo (B48),Petrol,Automatic,CH0000050211,EURO 6e-bis,2025-01-14,2025-02-26,2025-03-05,8667,7.8,,,0.00,Up to date,Open,1,190,258,OWN-00168,EU-WE,CH,SC-DAL,21
WBA00000000000124,SN170124,3 Series 330i (G21 LCI),Munich,I4 turbo (B48),Petrol,Automatic,CH0000050124,EURO 6e-bis,2019-01-01,2019-02-06,2019-02-04,131903,7.7,,,0.00,Up to date,Open,1,190,258,OWN-00169,EU-DE,DE,SC-STU,174
WBA00000000000126,SN240126,3 Series 330i (G21 LCI),Munich,I4 turbo (B48),Petrol,Automatic,CH0000050126,EURO 6e-bis,2024-12-06,2024-12-16,2025-01-29,11816,11.2,,,0.00,Partial,Open,1,190,258,OWN-00013,EU-DE,DE,SC-BER,145
WBA00000000000298,SN250298,3 Series 330i (G21 LCI),Munich,I4 turbo (B48),Petrol,Automatic,CH0000050298,EURO 6e-bis,2025-02-08,2025-02-15,2025-02-24,1706,11.5,,,0.00,Up to date,,0,190,258,OWN-00171,EU-DE,DE,SC-STU,13
WBA00000000000161,SN150161,3 Series 330i (G21 LCI),Munich,I4 turbo (B48),Petrol,Automatic,CH0000050161,EURO 6e-bis,2019-01-01,2019-01-30,2019-01-31,124597,9.5,,,0.00,Up to date,,0,190,258,OWN-00172,EU-DE,DE,SC-MUN,129
WBA00000000000186,SN170186,3 Series 330i (G21 LCI),Munich,I4 turbo (B48),Petrol,Automatic,CH0000050186,EURO 6e-bis,2019-01-01,2019-02-02,2019-01-16,91125,11.1,,,0.00,Partial,Closed,0,190,258,OWN-00173,EU-WE,BE,SC-STU,127
WBA00000000000094,SN200094,3 Series 330i (G21 LCI),Munich,I4 turbo (B48),Petrol,Automatic,CH0000050094,EURO 6e-bis,2020-03-25,2020-04-07,2020-04-18,101997,7.9,,,0.00,Partial,Open,1,190,258,OWN-00174,EU-WE,FR,SC-LEI,50
WBA00000000000281,SN240281,3 Series 330i (G21 LCI),Munich,I4 turbo (B48),Petrol,Automatic,CH0000050281,EURO 6e-bis,2024-10-19,2024-11-07,2024-11-09,10486,10.3,,,0.00,Up to date,,0,190,258,OWN-00175,EU-WE,CH,SC-LAX,37
WBA00000000000084,SN210084,3 Series 330i (G21 LCI),Munich,I4 turbo (B48),Petrol,Automatic,CH0000050084,EURO 6e-bis,2021-02-19,2021-03-10,2021-04-10,95225,7.5,,,0.00,Partial,Closed,1,190,258,OWN-00176,EU-DE,DE,SC-FRA,35
WBA00000000000049,SN160049,3 Series 330i (G21 LCI),Munich,I4 turbo (B48),Petrol,Automatic,CH0000050049,EURO 6e-bis,2019-01-01,2019-02-06,2019-02-06,159777,10.4,,,0.00,Up to date,Closed,2,190,258,OWN-00177,EU-DE,DE,SC-REG,109
WBA00000000000191,SN190191,3 Series 330i (G21 LCI),Munich,I4 turbo (B48),Petrol,Automatic,CH0000050191,EURO 6e-bis,2019-02-15,2019-03-14,2019-03-29,87398,7.1,,,0.00,Up to date,Open,0,190,258,OWN-00178,EU-DE,DE,SC-HAM,159
WBA00000000000257,SN200257,3 Series 330i (G21 LCI),Munich,I4 turbo (B48),Petrol,Automatic,CH0000050257,EURO 6e-bis,2020-10-21,2020-10-28,2020-11-11,97967,8.0,,,0.00,Up to date,Closed,2,190,258,OWN-00179,EU-WE,AT,SC-STU,34
WBA00000000000029,SN240029,3 Series 330i (G21 LCI),Munich,I4 turbo (B48),Petrol,Automatic,CH0000050029,EURO 6e-bis,2024-03-20,2024-04-03,2024-05-16,5358,7.7,,,0.00,Up to date,,0,190,258,OWN-00180,EU-DE,DE,SC-HAM,211
WBA00000000000069,SN180069,3 Series 330i (G21 LCI),Munich,I4 turbo (B48),Petrol,Automatic,CH0000050069,EURO 6e-bis,2019-01-01,2019-01-19,2019-02-10,179993,8.1,,,0.00,Up to date,,2,190,258,OWN-00181,EU-WE,FR,SC-COL,96
WBA00000000000154,SN250154,3 Series 330i (G21 LCI),Munich,I4 turbo (B48),Petrol,Automatic,CH0000050154,EURO 6e-bis,2025-01-03,2025-02-07,2025-02-17,144,8.3,,,0.00,Partial,Open,1,190,258,OWN-00182,EU-WE,AT,SC-LEI,25
WBA00000000000179,SN230179,3 Series 330i (G21 LCI),Munich,I4 turbo (B48),Petrol,Automatic,CH0000050179,EURO 6e-bis,2023-03-15,2023-04-28,2023-04-15,59042,8.8,,,0.00,Up to date,Closed,0,190,258,OWN-00183,EU-DE,DE,SC-COL,115
WBA00000000000030,SN250030,3 Series 330i (G21 LCI),Munich,I4 turbo (B48),Petrol,Automatic,CH0000050030,EURO 6e-bis,2025-10-19,2025-11-20,2025-12-13,7727,7.5,,,0.00,Up to date,,0,190,258,OWN-00184,EU-DE,DE,SC-REG,100
WBA00000000000262,SN180262,i7 M70 xDrive,Dingolfing,Dual-motor electric (Gen5),Electric,Automatic,CH0000050262,Zero Emission,2023-01-01,2023-02-08,2023-02-14,116784,0.0,2025-08-22,Minor,3421.00,Partial,Closed,1,485,660,OWN-00185,EU-WE,IT,SC-BER,189
WBA00000000000177,SN160177,i7 M70 xDrive,Dingolfing,Dual-motor electric (Gen5),Electric,Automatic,CH0000050177,Zero Emission,2023-01-01,2023-01-31,2023-01-14,87579,0.0,2023-12-04,Minor,5371.00,Up to date,Open,1,485,660,OWN-00186,EU-DE,DE,SC-FRA,165
WBA00000000000276,SN240276,i7 M70 xDrive,Dingolfing,Dual-motor electric (Gen5),Electric,Automatic,CH0000050276,Zero Emission,2024-10-10,2024-11-07,2024-11-17,8223,0.0,2025-12-31,Collision,2927.00,Partial,,1,485,660,OWN-00187,EU-WE,NL,SC-SPB,131
WBA00000000000217,SN230217,i7 M70 xDrive,Dingolfing,Dual-motor electric (Gen5),Electric,Automatic,CH0000050217,Zero Emission,2023-04-30,2023-05-13,2023-05-19,91508,0.0,,,0.00,Partial,,0,485,660,OWN-00188,EU-WE,IT,SC-LAX,159
WBA00000000000225,SN250225,i7 M70 xDrive,Dingolfing,Dual-motor electric (Gen5),Electric,Automatic,CH0000050225,Zero Emission,2025-04-13,2025-04-22,2025-05-26,3175,0.0,2025-12-31,Collision,4694.00,Up to date,Closed,0,485,660,OWN-00189,EU-WE,IT,SC-STU,220
WBA00000000000230,SN200230,i7 M70 xDrive,Dingolfing,Dual-motor electric (Gen5),Electric,Automatic,CH0000050230,Zero Emission,2023-01-01,2023-01-12,2023-02-12,20011,0.0,,,0.00,Partial,,1,485,660,OWN-00190,EU-DE,DE,SC-BER,70
WBA00000000000035,SN150035,i7 M70 xDrive,Dingolfing,Dual-motor electric (Gen5),Electric,Automatic,CH0000050035,Zero Emission,2023-01-01,2023-01-23,2023-02-16,135029,0.0,,,0.00,Partial,Closed,3,485,660,OWN-00191,EU-WE,BE,SC-MIA,179
WBA00000000000229,SN160229,i7 M70 xDrive,Dingolfing,Dual-motor electric (Gen5),Electric,Automatic,CH0000050229,Zero Emission,2023-01-01,2023-02-02,2023-02-25,149093,0.0,,,0.00,Up to date,,2,485,660,OWN-00192,EU-DE,DE,SC-BER,91
WBA00000000000023,SN200023,i7 M70 xDrive,Dingolfing,Dual-motor electric (Gen5),Electric,Automatic,CH0000050023,Zero Emission,2023-01-01,2023-01-17,2023-02-20,85609,0.0,2023-04-12,Minor,5665.00,Partial,,1,485,660,OWN-00193,EU-DE,DE,SC-LEI,212
WBA00000000000296,SN150296,i7 M70 xDrive,Dingolfing,Dual-motor electric (Gen5),Electric,Automatic,CH0000050296,Zero Emission,2023-01-01,2023-01-16,2023-02-19,86893,0.0,,,0.00,Up to date,,3,485,660,OWN-00194,EU-DE,DE,SC-FRA,150
WBA00000000000073,SN200073,i7 M70 xDrive,Dingolfing,Dual-motor electric (Gen5),Electric,Automatic,CH0000050073,Zero Emission,2023-01-01,2023-01-24,2023-02-25,84452,0.0,,,0.00,Partial,,1,485,660,OWN-00058,MX,MX,SC-MTY,214
WBA00000000000274,SN250274,i7 M70 xDrive,Dingolfing,Dual-motor electric (Gen5),Electric,Automatic,CH0000050274,Zero Emission,2025-07-28,2025-09-10,2025-09-26,2841,0.0,,,0.00,Up to date,,1,485,660,OWN-00121,EU-DE,DE,SC-FRA,178
WBA00000000000007,SN190007,i7 M70 xDrive,Dingolfing,Dual-motor electric (Gen5),Electric,Automatic,CH0000050007,Zero Emission,2023-01-01,2023-01-13,2023-02-01,37626,0.0,2024-10-01,Collision,940.00,Up to date,,2,485,660,OWN-00197,EU-WE,FR,SC-STU,184
WBA00000000000175,SN150175,i7 M70 xDrive,Dingolfing,Dual-motor electric (Gen5),Electric,Automatic,CH0000050175,Zero Emission,2023-01-01,2023-01-20,2023-01-19,131611,0.0,,,0.00,Partial,,3,485,660,OWN-00198,EU-WE,CH,SC-BER,122
WBA00000000000176,SN170176,i7 M70 xDrive,Dingolfing,Dual-motor electric (Gen5),Electric,Automatic,CH0000050176,Zero Emission,2023-01-01,2023-02-10,2023-01-28,190994,0.0,,,0.00,Partial,Open,2,485,660,OWN-00199,EU-DE,DE,SC-FRA,64
WBA00000000000153,SN160153,i7 M70 xDrive,Dingolfing,Dual-motor electric (Gen5),Electric,Automatic,CH0000050153,Zero Emission,2023-01-01,2023-01-18,2023-02-17,143096,0.0,,,0.00,Partial,,1,485,660,OWN-00200,EU-DE,DE,SC-FRA,177
WBA00000000000081,SN160081,i7 M70 xDrive,Dingolfing,Dual-motor electric (Gen5),Electric,Automatic,CH0000050081,Zero Emission,2023-01-01,2023-01-30,2023-02-07,138029,0.0,2025-05-28,Minor,5726.00,Up to date,Closed,3,485,660,OWN-00201,EU-DE,DE,SC-LEI,116
WBA00000000000058,SN170058,i7 M70 xDrive,Dingolfing,Dual-motor electric (Gen5),Electric,Automatic,CH0000050058,Zero Emission,2023-01-01,2023-02-15,2023-02-18,216497,0.0,,,0.00,Partial,,2,485,660,OWN-00202,EU-WE,NL,SC-LEI,98
WBA00000000000275,SN200275,i7 M70 xDrive,Dingolfing,Dual-motor electric (Gen5),Electric,Automatic,CH0000050275,Zero Emission,2023-01-01,2023-01-24,2023-02-23,71627,0.0,,,0.00,Partial,Open,1,485,660,OWN-00203,EU-DE,DE,SC-FRA,72
WBA00000000000284,SN210284,i7 M70 xDrive,Dingolfing,Dual-motor electric (Gen5),Electric,Automatic,CH0000050284,Zero Emission,2023-01-01,2023-01-29,2023-02-01,68225,0.0,,,0.00,Up to date,,2,485,660,OWN-00204,EU-WE,CH,SC-STU,88
WBA00000000000260,SN200260,i7 M70 xDrive,Dingolfing,Dual-motor electric (Gen5),Electric,Automatic,CH0000050260,Zero Emission,2023-01-01,2023-02-04,2023-01-11,70420,0.0,,,0.00,Partial,,1,485,660,OWN-00161,EU-DE,DE,SC-MUN,167
WBA00000000000015,SN190015,iX1 xDrive30 (U11 LCI),Regensburg,Dual-motor electric (Gen5),Electric,Automatic,CH0000050015,Zero Emission,2023-01-01,2023-01-17,2023-02-01,70923,0.0,,,0.00,Up to date,,2,230,313,OWN-00206,EU-WE,CH,SC-MUN,57
WBA00000000000243,SN220243,iX1 xDrive30 (U11 LCI),Regensburg,Dual-motor electric (Gen5),Electric,Automatic,CH0000050243,Zero Emission,2023-01-01,2023-01-24,2023-01-23,108481,0.0,,,0.00,Partial,,1,230,313,OWN-00207,EU-DE,DE,SC-FRA,193
WBA00000000000256,SN230256,iX1 xDrive30 (U11 LCI),Regensburg,Dual-motor electric (Gen5),Electric,Automatic,CH0000050256,Zero Emission,2023-03-30,2023-04-10,2023-05-07,95230,0.0,2025-03-27,Rear-end,6027.00,Up to date,Open,0,230,313,OWN-00208,EU-WE,NL,SC-MIA,80
WBA00000000000267,SN160267,iX1 xDrive30 (U11 LCI),Regensburg,Dual-motor electric (Gen5),Electric,Automatic,CH0000050267,Zero Emission,2023-01-01,2023-01-09,2023-02-23,217788,0.0,,,0.00,Partial,Closed,0,230,313,OWN-00209,EU-DE,DE,SC-FRA,66
WBA00000000000001,SN160001,iX1 xDrive30 (U11 LCI),Regensburg,Dual-motor electric (Gen5),Electric,Automatic,CH0000050001,Zero Emission,2023-01-01,2023-02-07,2023-01-11,214084,0.0,2024-05-09,Collision,862.00,Up to date,,3,230,313,OWN-00210,EU-DE,DE,SC-COL,189
WBA00000000000133,SN220133,iX1 xDrive30 (U11 LCI),Regensburg,Dual-motor electric (Gen5),Electric,Automatic,CH0000050133,Zero Emission,2023-01-01,2023-01-12,2023-02-11,74900,0.0,2023-08-24,Vandalism,5080.00,Up to date,,2,230,313,OWN-00211,EU-DE,DE,SC-COL,21
WBA00000000000051,SN150051,iX1 xDrive30 (U11 LCI),Regensburg,Dual-motor electric (Gen5),Electric,Automatic,CH0000050051,Zero Emission,2023-01-01,2023-02-01,2023-01-28,197606,0.0,,,0.00,Up to date,,2,230,313,OWN-00212,EU-WE,CH,SC-MUN,171
WBA00000000000208,SN230208,iX1 xDrive30 (U11 LCI),Regensburg,Dual-motor electric (Gen5),Electric,Automatic,CH0000050208,Zero Emission,2023-02-02,2023-03-14,2023-02-14,77139,0.0,,,0.00,Up to date,Open,1,230,313,OWN-00213,EU-DE,DE,SC-HAM,11
WBA00000000000251,SN180251,iX1 xDrive30 (U11 LCI),Regensburg,Dual-motor electric (Gen5),Electric,Automatic,CH0000050251,Zero Emission,2023-01-01,2023-01-15,2023-02-10,86447,0.0,2025-07-24,Vandalism,1999.00,Up to date,Open,0,230,313,OWN-00214,EU-DE,DE,SC-BER,120
WBA00000000000105,SN190105,iX1 xDrive30 (U11 LCI),Regensburg,Dual-motor electric (Gen5),Electric,Automatic,CH0000050105,Zero Emission,2023-01-01,2023-01-18,2023-02-06,71580,0.0,2024-01-10,Minor,4480.00,Up to date,,0,230,313,OWN-00215,EU-DE,DE,SC-FRA,130
WBA00000000000022,SN160022,iX1 xDrive30 (U11 LCI),Regensburg,Dual-motor electric (Gen5),Electric,Automatic,CH0000050022,Zero Emission,2023-01-01,2023-01-08,2023-01-14,100442,0.0,,,0.00,Up to date,Closed,0,230,313,OWN-00021,EU-WE,AT,SC-FRA,187
WBA00000000000240,SN190240,iX1 xDrive30 (U11 LCI),Regensburg,Dual-motor electric (Gen5),Electric,Automatic,CH0000050240,Zero Emission,2023-01-01,2023-01-21,2023-02-23,104564,0.0,,,0.00,Partial,,1,230,313,OWN-00217,EU-DE,DE,SC-COL,46
WBA00000000000122,SN160122,iX1 xDrive30 (U11 LCI),Regensburg,Dual-motor electric (Gen5),Electric,Automatic,CH0000050122,Zero Emission,2023-01-01,2023-02-13,2023-01-26,163182,0.0,,,0.00,Up to date,Closed,1,230,313,OWN-00169,EU-DE,DE,SC-STU,174
WBA00000000000129,SN190129,iX1 xDrive30 (U11 LCI),Regensburg,Dual-motor electric (Gen5),Electric,Automatic,CH0000050129,Zero Emission,2023-01-01,2023-01-11,2023-03-02,17926,0.0,,,0.00,Up to date,,0,230,313,OWN-00219,EU-DE,DE,SC-STU,38
WBA00000000000220,SN180220,iX1 xDrive30 (U11 LCI),Regensburg,Dual-motor electric (Gen5),Electric,Automatic,CH0000050220,Zero Emission,2023-01-01,2023-01-27,2023-02-05,208548,0.0,,,0.00,Up to date,,0,230,313,OWN-00220,EU-DE,DE,SC-STU,206
WBA00000000000027,SN170027,iX1 xDrive30 (U11 LCI),Regensburg,Dual-motor electric (Gen5),Electric,Automatic,CH0000050027,Zero Emission,2023-01-01,2023-02-02,2023-02-25,138716,0.0,,,0.00,Partial,Closed,0,230,313,OWN-00221,EU-DE,DE,SC-BER,84
WBA00000000000264,SN160264,iX1 xDrive30 (U11 LCI),Regensburg,Dual-motor electric (Gen5),Electric,Automatic,CH0000050264,Zero Emission,2023-01-01,2023-02-14,2023-02-23,100188,0.0,,,0.00,Up to date,Closed,3,230,313,OWN-00222,EU-DE,DE,SC-FRA,153
WBA00000000000119,SN220119,X3 M50 xDrive (G45),Spartanburg,I6 turbo (B58),Petrol,Automatic,CH0000050119,EURO 6e-bis,2024-01-01,2024-01-11,2024-02-21,113532,9.3,,,0.00,Partial,,1,293,398,OWN-00223,US-EAST,US-NY,SC-NYC,168
WBA00000000000106,SN210106,X3 M50 xDrive (G45),Spartanburg,I6 turbo (B58),Petrol,Automatic,CH0000050106,EURO 6e-bis,2024-01-01,2024-02-06,2024-01-23,67554,9.5,,,0.00,Up to date,Closed,2,293,398,OWN-00224,US-EAST,US-NY,SC-NYC,69
WBA00000000000192,SN240192,X3 M50 xDrive (G45),Spartanburg,I6 turbo (B58),Petrol,Automatic,CH0000050192,EURO 6e-bis,2024-05-26,2024-07-10,2024-06-09,11988,10.8,2025-01-06,Rear-end,2008.00,Up to date,Closed,1,293,398,OWN-00225,US-EAST,US-NY,SC-NYC,8
WBA00000000000127,SN170127,X3 M50 xDrive (G45),Spartanburg,I6 turbo (B58),Petrol,Automatic,CH0000050127,EURO 6e-bis,2024-01-01,2024-01-13,2024-01-13,165871,10.5,,,0.00,Up to date,,1,293,398,OWN-00226,US-EAST,US-GA,SC-NYC,16
WBA00000000000159,SN210159,X3 M50 xDrive (G45),Spartanburg,I6 turbo (B58),Petrol,Automatic,CH0000050159,EURO 6e-bis,2024-01-01,2024-01-31,2024-02-10,91144,10.7,,,0.00,Partial,Open,1,293,398,OWN-00227,US-WEST,US-CA,SC-LAX,26
WBA00000000000045,SN230045,X3 M50 xDrive (G45),Spartanburg,I6 turbo (B58),Petrol,Automatic,CH0000050045,EURO 6e-bis,2024-01-01,2024-01-21,2024-02-08,84555,8.1,,,0.00,Up to date,,1,293,398,OWN-00228,US-WEST,US-CA,SC-LAX,116
WBA00000000000270,SN190270,X3 M50 xDrive (G45),Spartanburg,I6 turbo (B58),Petrol,Automatic,CH0000050270,EURO 6e-bis,2024-01-01,2024-01-22,2024-02-07,49987,8.9,,,0.00,Partial,Open,1,293,398,OWN-00067,US-EAST,US-FL,SC-MIA,132
WBA00000000000005,SN180005,X3 M50 xDrive (G45),Spartanburg,I6 turbo (B58),Petrol,Automatic,CH0000050005,EURO 6e-bis,2024-01-01,2024-02-03,2024-01-28,145559,7.5,,,0.00,Up to date,Closed,2,293,398,OWN-00230,US-WEST,US-CA,SC-LAX,26
WBA00000000000233,SN190233,X3 M50 xDrive (G45),Spartanburg,I6 turbo (B58),Petrol,Automatic,CH0000050233,EURO 6e-bis,2024-01-01,2024-01-26,2024-02-29,116799,9.7,,,0.00,Up to date,,0,293,398,OWN-00092,US-CTRL,US-SC,SC-SPB,170
WBA00000000000239,SN160239,X3 M50 xDrive (G45),Spartanburg,I6 turbo (B58),Petrol,Automatic,CH0000050239,EURO 6e-bis,2024-01-01,2024-01-11,2024-02-20,211195,10.0,,,0.00,Partial,,2,293,398,OWN-00232,US-WEST,US-CA,SC-LAX,39
WBA00000000000118,SN210118,X3 M50 xDrive (G45),Spartanburg,I6 turbo (B58),Petrol,Automatic,CH0000050118,EURO 6e-bis,2024-01-01,2024-01-08,2024-02-29,79650,8.7,,,0.00,Up to date,,0,293,398,OWN-00233,US-WEST,US-CA,SC-LAX,77
WBA00000000000167,SN200167,X3 M50 xDrive (G45),Spartanburg,I6 turbo (B58),Petrol,Automatic,CH0000050167,EURO 6e-bis,2024-01-01,2024-02-01,2024-01-19,49552,8.9,,,0.00,Partial,Open,1,293,398,OWN-00234,US-EAST,US-GA,SC-NYC,28
WBA00000000000158,SN190158,X3 M50 xDrive (G45),Spartanburg,I6 turbo (B58),Petrol,Automatic,CH0000050158,EURO 6e-bis,2024-01-01,2024-01-14,2024-01-31,60678,8.7,,,0.00,Up to date,Open,0,293,398,OWN-00235,US-EAST,US-MA,SC-NYC,162
WBA00000000000004,SN210004,X3 M50 xDrive (G45),Spartanburg,I6 turbo (B58),Petrol,Automatic,CH0000050004,EURO 6e-bis,2024-01-01,2024-01-10,2024-01-26,51694,10.1,,,0.00,Up to date,,0,293,398,OWN-00236,US-EAST,US-NY,SC-NYC,180
WBA00000000000209,SN190209,X3 M50 xDrive (G45),Spartanburg,I6 turbo (B58),Petrol,Automatic,CH0000050209,EURO 6e-bis,2024-01-01,2024-01-29,2024-02-25,80614,10.4,,,0.00,Up to date,Open,2,293,398,OWN-00237,US-CTRL,US-SC,SC-SPB,155
WBA00000000000293,SN250293,X3 M50 xDrive (G45),Spartanburg,I6 turbo (B58),Petrol,Automatic,CH0000050293,EURO 6e-bis,2025-11-03,2025-12-17,2025-11-21,13474,8.3,2025-12-31,Minor,7710.00,Up to date,,1,293,398,OWN-00224,US-EAST,US-NY,SC-NYC,69
WBA00000000000288,SN170288,iX M60,Dingolfing,Dual-motor electric (Gen5),Electric,Automatic,CH0000050288,Zero Emission,2021-01-01,2021-02-02,2021-02-28,228782,0.0,,,0.00,Partial,Open,1,397,540,OWN-00239,EU-WE,NL,SC-NYC,121
WBA00000000000072,SN170072,iX M60,Dingolfing,Dual-motor electric (Gen5),Electric,Automatic,CH0000050072,Zero Emission,2021-01-01,2021-01-23,2021-01-24,137259,0.0,,,0.00,Up to date,Open,3,397,540,OWN-00240,EU-DE,DE,SC-REG,170
WBA00000000000024,SN170024,iX M60,Dingolfing,Dual-motor electric (Gen5),Electric,Automatic,CH0000050024,Zero Emission,2021-01-01,2021-02-09,2021-01-28,174069,0.0,,,0.00,Up to date,,0,397,540,OWN-00241,EU-DE,DE,SC-BER,97
WBA00000000000113,SN160113,iX M60,Dingolfing,Dual-motor electric (Gen5),Electric,Automatic,CH0000050113,Zero Emission,2021-01-01,2021-01-28,2021-02-13,60285,0.0,,,0.00,Partial,Open,3,397,540,OWN-00242,EU-DE,DE,SC-HAM,49
WBA00000000000168,SN150168,iX M60,Dingolfing,Dual-motor electric (Gen5),Electric,Automatic,CH0000050168,Zero Emission,2021-01-01,2021-02-03,2021-01-12,82030,0.0,,,0.00,Up to date,,0,397,540,OWN-00243,EU-WE,CH,SC-BER,81
WBA00000000000070,SN170070,iX M60,Dingolfing,Dual-motor electric (Gen5),Electric,Automatic,CH0000050070,Zero Emission,2021-01-01,2021-01-10,2021-01-13,211152,0.0,2023-12-26,Rear-end,651.00,Up to date,,2,397,540,OWN-00244,EU-DE,DE,SC-COL,124
WBA00000000000078,SN240078,iX M60,Dingolfing,Dual-motor electric (Gen5),Electric,Automatic,CH0000050078,Zero Emission,2024-06-15,2024-07-26,2024-07-14,7892,0.0,,,0.00,Partial,,1,397,540,OWN-00074,US-EAST,US-FL,SC-MIA,138
WBA00000000000108,SN170108,iX M60,Dingolfing,Dual-motor electric (Gen5),Electric,Automatic,CH0000050108,Zero Emission,2021-01-01,2021-02-14,2021-02-28,149468,0.0,,,0.00,Partial,,1,397,540,OWN-00246,EU-WE,FR,SC-REG,139
WBA00000000000021,SN210021,iX M60,Dingolfing,Dual-motor electric (Gen5),Electric,Automatic,CH0000050021,Zero Emission,2021-03-06,2021-03-13,2021-04-19,42294,0.0,,,0.00,Partial,Open,1,397,540,OWN-00247,EU-DE,DE,SC-BER,113
WBA00000000000019,SN150019,iX M60,Dingolfing,Dual-motor electric (Gen5),Electric,Automatic,CH0000050019,Zero Emission,2021-01-01,2021-01-12,2021-01-19,70527,0.0,2023-03-28,Collision,3417.00,Up to date,Open,3,397,540,OWN-00156,US-EAST,US-MA,SC-NYC,145
WBA00000000000143,SN200143,iX M60,Dingolfing,Dual-motor electric (Gen5),Electric,Automatic,CH0000050143,Zero Emission,2021-01-01,2021-02-15,2021-01-16,19899,0.0,,,0.00,Up to date,Open,0,397,540,OWN-00249,EU-WE,FR,SC-BER,168
WBA00000000000162,SN180162,iX M60,Dingolfing,Dual-motor electric (Gen5),Electric,Automatic,CH0000050162,Zero Emission,2021-01-01,2021-01-11,2021-02-13,238403,0.0,,,0.00,Partial,,1,397,540,OWN-00250,EU-DE,DE,SC-STU,76
WBA00000000000238,SN190238,iX M60,Dingolfing,Dual-motor electric (Gen5),Electric,Automatic,CH0000050238,Zero Emission,2021-01-01,2021-01-08,2021-02-22,82724,0.0,,,0.00,Up to date,Open,2,397,540,OWN-00251,EU-NE,GB,SC-FRA,120
WBA00000000000087,SN170087,iX M60,Dingolfing,Dual-motor electric (Gen5),Electric,Automatic,CH0000050087,Zero Emission,2021-01-01,2021-02-07,2021-01-23,164305,0.0,2023-11-23,Rear-end,4043.00,Up to date,Closed,1,397,540,OWN-00252,EU-DE,DE,SC-HAM,15
WBA00000000000223,SN170223,iX M60,Dingolfing,Dual-motor electric (Gen5),Electric,Automatic,CH0000050223,Zero Emission,2021-01-01,2021-02-12,2021-01-24,127166,0.0,2021-09-06,Collision,710.00,Up to date,,3,397,540,OWN-00253,EU-WE,BE,SC-SPB,69
WBA00000000000003,SN170003,iX M60,Dingolfing,Dual-motor electric (Gen5),Electric,Automatic,CH0000050003,Zero Emission,2021-01-01,2021-02-05,2021-02-13,126426,0.0,,,0.00,Up to date,Open,1,397,540,OWN-00254,EU-DE,DE,SC-COL,149
WBA00000000000292,SN180292,iX M60,Dingolfing,Dual-motor electric (Gen5),Electric,Automatic,CH0000050292,Zero Emission,2021-01-01,2021-01-28,2021-01-26,105266,0.0,2023-11-25,Minor,3186.00,Up to date,Closed,2,397,540,OWN-00255,EU-DE,DE,SC-HAM,126
WBA00000000000060,SN170060,iX M60,Dingolfing,Dual-motor electric (Gen5),Electric,Automatic,CH0000050060,Zero Emission,2021-01-01,2021-01-20,2021-02-13,84633,0.0,,,0.00,Up to date,Open,3,397,540,OWN-00256,EU-WE,AT,SC-CHI,47
WBA00000000000117,SN160117,iX M60,Dingolfing,Dual-motor electric (Gen5),Electric,Automatic,CH0000050117,Zero Emission,2021-01-01,2021-01-27,2021-02-01,66560,0.0,,,0.00,Partial,,2,397,540,OWN-00257,EU-WE,CH,SC-FRA,138
WBA00000000000157,SN220157,iX M60,Dingolfing,Dual-motor electric (Gen5),Electric,Automatic,CH0000050157,Zero Emission,2022-01-21,2022-02-08,2022-03-07,119160,0.0,2025-09-09,Rear-end,1794.00,Partial,Closed,1,397,540,OWN-00258,EU-DE,DE,SC-BER,128
WBA00000000000237,SN230237,iX M60,Dingolfing,Dual-motor electric (Gen5),Electric,Automatic,CH0000050237,Zero Emission,2023-01-15,2023-02-03,2023-02-14,119228,0.0,,,0.00,Up to date,Open,0,397,540,OWN-00259,EU-WE,NL,SC-MUN,106
WBA00000000000002,SN150002,iX M60,Dingolfing,Dual-motor electric (Gen5),Electric,Automatic,CH0000050002,Zero Emission,2021-01-01,2021-01-15,2021-02-17,73913,0.0,,,0.00,Up to date,,0,397,540,OWN-00260,EU-WE,BE,SC-DAL,199
WBA00000000000189,SN230189,iX M60,Dingolfing,Dual-motor electric (Gen5),Electric,Automatic,CH0000050189,Zero Emission,2023-08-16,2023-08-28,2023-10-11,10658,0.0,,,0.00,Up to date,Open,1,397,540,OWN-00261,EU-WE,IT,SC-HAM,78
WBA00000000000052,SN200052,i4 M50 (G26 LCI),Munich,Dual-motor electric (Gen5),Electric,Automatic,CH0000050052,Zero Emission,2021-01-01,2021-01-17,2021-01-22,110203,0.0,,,0.00,Partial,,1,400,544,OWN-00262,EU-WE,IT,SC-REG,95
WBA00000000000185,SN210185,i4 M50 (G26 LCI),Munich,Dual-motor electric (Gen5),Electric,Automatic,CH0000050185,Zero Emission,2021-05-03,2021-05-21,2021-06-27,68285,0.0,2022-08-05,Collision,7723.00,Up to date,,0,400,544,OWN-00263,EU-WE,NL,SC-FRA,218
WBA00000000000088,SN160088,i4 M50 (G26 LCI),Munich,Dual-motor electric (Gen5),Electric,Automatic,CH0000050088,Zero Emission,2021-01-01,2021-01-09,2021-01-19,144134,0.0,,,0.00,Up to date,Closed,1,400,544,OWN-00214,EU-DE,DE,SC-BER,120
WBA00000000000028,SN180028,i4 M50 (G26 LCI),Munich,Dual-motor electric (Gen5),Electric,Automatic,CH0000050028,Zero Emission,2021-01-01,2021-02-14,2021-02-11,70741,0.0,,,0.00,Partial,,1,400,544,OWN-00265,EU-WE,BE,SC-MIA,176
WBA00000000000252,SN150252,i4 M50 (G26 LCI),Munich,Dual-motor electric (Gen5),Electric,Automatic,CH0000050252,Zero Emission,2021-01-01,2021-01-24,2021-02-26,146525,0.0,2022-02-04,Minor,4348.00,Up to date,Open,1,400,544,OWN-00266,EU-DE,DE,SC-BER,145
WBA00000000000255,SN170255,i4 M50 (G26 LCI),Munich,Dual-motor electric (Gen5),Electric,Automatic,CH0000050255,Zero Emission,2021-01-01,2021-01-16,2021-01-19,232042,0.0,,,0.00,Up to date,Open,3,400,544,OWN-00267,EU-DE,DE,SC-REG,124
WBA00000000000057,SN210057,i4 M50 (G26 LCI),Munich,Dual-motor electric (Gen5),Electric,Automatic,CH0000050057,Zero Emission,2021-09-01,2021-09-16,2021-10-09,119280,0.0,,,0.00,Up to date,,2,400,544,OWN-00268,EU-WE,IT,SC-STU,186
WBA00000000000111,SN160111,i4 M50 (G26 LCI),Munich,Dual-motor electric (Gen5),Electric,Automatic,CH0000050111,Zero Emission,2021-01-01,2021-02-08,2021-02-07,214667,0.0,,,0.00,Up to date,,1,400,544,OWN-00269,EU-DE,DE,SC-STU,206
WBA00000000000147,SN230147,i4 M50 (G26 LCI),Munich,Dual-motor electric (Gen5),Electric,Automatic,CH0000050147,Zero Emission,2023-05-08,2023-06-18,2023-06-22,76191,0.0,,,0.00,Up to date,,0,400,544,OWN-00270,EU-DE,DE,SC-BER,188
WBA00000000000138,SN250138,i4 M50 (G26 LCI),Munich,Dual-motor electric (Gen5),Electric,Automatic,CH0000050138,Zero Emission,2025-07-14,2025-08-03,2025-09-02,5960,0.0,,,0.00,Up to date,,1,400,544,OWN-00271,EU-DE,DE,SC-REG,177
WBA00000000000151,SN160151,i4 M50 (G26 LCI),Munich,Dual-motor electric (Gen5),Electric,Automatic,CH0000050151,Zero Emission,2021-01-01,2021-02-08,2021-02-04,186540,0.0,,,0.00,Partial,,3,400,544,OWN-00272,EU-WE,AT,SC-MUN,134
WBA00000000000287,SN200287,i4 M50 (G26 LCI),Munich,Dual-motor electric (Gen5),Electric,Automatic,CH0000050287,Zero Emission,2021-01-01,2021-02-15,2021-02-07,63603,0.0,,,0.00,Up to date,,0,400,544,OWN-00273,EU-DE,DE,SC-LEI,33
WBA00000000000090,SN180090,i4 M50 (G26 LCI),Munich,Dual-motor electric (Gen5),Electric,Automatic,CH0000050090,Zero Emission,2021-01-01,2021-01-25,2021-02-24,234794,0.0,,,0.00,Partial,Open,1,400,544,OWN-00274,EU-DE,DE,SC-HAM,142
WBA00000000000074,SN210074,i4 M50 (G26 LCI),Munich,Dual-motor electric (Gen5),Electric,Automatic,CH0000050074,Zero Emission,2021-07-22,2021-08-06,2021-09-13,95748,0.0,,,0.00,Partial,,1,400,544,OWN-00275,EU-DE,DE,SC-MUN,112
WBA00000000000247,SN220247,i4 M50 (G26 LCI),Munich,Dual-motor electric (Gen5),Electric,Automatic,CH0000050247,Zero Emission,2022-08-15,2022-08-27,2022-10-02,51561,0.0,2023-07-10,Collision,4252.00,Up to date,,0,400,544,OWN-00276,EU-DE,DE,SC-HAM,128
WBA00000000000006,SN190006,i4 M50 (G26 LCI),Munich,Dual-motor electric (Gen5),Electric,Automatic,CH0000050006,Zero Emission,2021-01-01,2021-01-12,2021-02-15,68119,0.0,,,0.00,Up to date,Closed,0,400,544,OWN-00277,EU-DE,DE,SC-LEI,167
WBA00000000000086,SN230086,i4 M50 (G26 LCI),Munich,Dual-motor electric (Gen5),Electric,Automatic,CH0000050086,Zero Emission,2023-03-17,2023-04-11,2023-04-25,114803,0.0,,,0.00,Partial,,1,400,544,OWN-00278,EU-WE,AT,SC-HAM,92
WBA00000000000034,SN170034,i4 M50 (G26 LCI),Munich,Dual-motor electric (Gen5),Electric,Automatic,CH0000050034,Zero Emission,2021-01-01,2021-02-07,2021-01-12,81269,0.0,,,0.00,Up to date,,3,400,544,OWN-00279,EU-WE,IT,SC-DAL,105
WBA00000000000064,SN220064,i4 M50 (G26 LCI),Munich,Dual-motor electric (Gen5),Electric,Automatic,CH0000050064,Zero Emission,2022-04-04,2022-04-11,2022-04-21,112826,0.0,,,0.00,Up to date,Closed,2,400,544,OWN-00280,EU-WE,AT,SC-LAX,202
WBA00000000000152,SN160152,i4 M50 (G26 LCI),Munich,Dual-motor electric (Gen5),Electric,Automatic,CH0000050152,Zero Emission,2021-01-01,2021-01-20,2021-01-12,197962,0.0,,,0.00,Up to date,,1,400,544,OWN-00281,EU-WE,NL,SC-COL,166
WBA00000000000207,SN250207,i4 M50 (G26 LCI),Munich,Dual-motor electric (Gen5),Electric,Automatic,CH0000050207,Zero Emission,2025-06-12,2025-07-17,2025-07-15,1696,0.0,,,0.00,Partial,Closed,1,400,544,OWN-00187,EU-WE,NL,SC-SPB,131
WBA00000000000263,SN220263,i4 M50 (G26 LCI),Munich,Dual-motor electric (Gen5),Electric,Automatic,CH0000050263,Zero Emission,2022-09-25,2022-10-08,2022-10-08,38558,0.0,,,0.00,Partial,Open,1,400,544,OWN-00283,EU-DE,DE,SC-STU,199
WBA00000000000228,SN220228,i4 M50 (G26 LCI),Munich,Dual-motor electric (Gen5),Electric,Automatic,CH0000050228,Zero Emission,2022-09-27,2022-10-26,2022-11-10,33357,0.0,,,0.00,Partial,,1,400,544,OWN-00031,US-CTRL,US-TX,SC-DAL,138
WBA00000000000047,SN200047,i5 eDrive40 (G60),Dingolfing,Single-motor electric (Gen5),Electric,Automatic,CH0000050047,Zero Emission,2023-01-01,2023-01-25,2023-01-26,114742,0.0,,,0.00,Up to date,,2,250,340,OWN-00285,EU-WE,CH,SC-CHI,33
WBA00000000000236,SN170236,i5 eDrive40 (G60),Dingolfing,Single-motor electric (Gen5),Electric,Automatic,CH0000050236,Zero Emission,2023-01-01,2023-01-14,2023-02-23,228090,0.0,,,0.00,Up to date,Closed,0,250,340,OWN-00286,EU-WE,CH,SC-FRA,15
WBA00000000000139,SN160139,i5 eDrive40 (G60),Dingolfing,Single-motor electric (Gen5),Electric,Automatic,CH0000050139,Zero Emission,2023-01-01,2023-01-27,2023-01-31,96802,0.0,,,0.00,Up to date,Closed,0,250,340,OWN-00236,US-EAST,US-NY,SC-NYC,180
WBA00000000000200,SN180200,i7 M70 xDrive,Dingolfing,Dual-motor electric (Gen5),Electric,Automatic,CH0000050200,Zero Emission,2023-01-01,2023-01-16,2023-01-21,203638,0.0,,,0.00,Up to date,,2,485,660,OWN-00107,US-EAST,US-GA,SC-NYC,86
WBA00000000000164,SN180164,i7 M70 xDrive,Dingolfing,Dual-motor electric (Gen5),Electric,Automatic,CH0000050164,Zero Emission,2023-01-01,2023-01-23,2023-01-26,70475,0.0,2023-11-20,Rear-end,7355.00,Up to date,Open,0,485,660,OWN-00289,EU-DE,DE,SC-STU,143
WBA00000000000221,SN160221,i7 M70 xDrive,Dingolfing,Dual-motor electric (Gen5),Electric,Automatic,CH0000050221,Zero Emission,2023-01-01,2023-02-07,2023-01-22,85329,0.0,,,0.00,Up to date,,1,485,660,OWN-00290,EU-WE,AT,SC-SPB,54
WBA00000000000098,SN190098,i7 M70 xDrive,Dingolfing,Dual-motor electric (Gen5),Electric,Automatic,CH0000050098,Zero Emission,2023-01-01,2023-01-27,2023-02-01,38423,0.0,,,0.00,Partial,Open,1,485,660,OWN-00291,EU-DE,DE,SC-REG,166
WBA00000000000036,SN200036,i7 M70 xDrive,Dingolfing,Dual-motor electric (Gen5),Electric,Automatic,CH0000050036,Zero Emission,2023-01-01,2023-01-28,2023-01-24,115729,0.0,,,0.00,Up to date,,0,485,660,OWN-00292,EU-DE,DE,SC-MUN,67
WBA00000000000291,SN180291,i7 M70 xDrive,Dingolfing,Dual-motor electric (Gen5),Electric,Automatic,CH0000050291,Zero Emission,2023-01-01,2023-02-15,2023-01-31,123233,0.0,,,0.00,Partial,Closed,1,485,660,OWN-00293,EU-DE,DE,SC-BER,73
WBA00000000000130,SN170130,i7 M70 xDrive,Dingolfing,Dual-motor electric (Gen5),Electric,Automatic,CH0000050130,Zero Emission,2023-01-01,2023-02-12,2023-01-19,143162,0.0,,,0.00,Up to date,,0,485,660,OWN-00294,EU-NE,GB,SC-SPB,127
WBA00000000000116,SN230116,i7 M70 xDrive,Dingolfing,Dual-motor electric (Gen5),Electric,Automatic,CH0000050116,Zero Emission,2023-10-26,2023-12-01,2023-11-25,57930,0.0,2025-12-31,Vandalism,4481.00,Up to date,,0,485,660,OWN-00295,EU-WE,AT,SC-DAL,48
WBA00000000000033,SN210033,X3 M50 xDrive (G45),Spartanburg,I6 turbo (B58),Petrol,Automatic,CH0000050033,EURO 6e-bis,2024-01-01,2024-01-18,2024-02-26,57629,6.9,,,0.00,Partial,,1,293,398,OWN-00278,EU-WE,AT,SC-HAM,92
WBA00000000000156,SN240156,X3 M50 xDrive (G45),Spartanburg,I6 turbo (B58),Petrol,Automatic,CH0000050156,EURO 6e-bis,2024-02-01,2024-02-16,2024-02-29,7176,10.4,,,0.00,Partial,,1,293,398,OWN-00297,US-WEST,US-CA,SC-LAX,184
WBA00000000000174,SN160174,X3 M50 xDrive (G45),Spartanburg,I6 turbo (B58),Petrol,Automatic,CH0000050174,EURO 6e-bis,2024-01-01,2024-02-11,2024-01-24,98411,9.7,2025-01-22,Collision,2011.00,Up to date,,3,293,398,OWN-00298,US-WEST,US-CA,SC-LAX,106
WBA00000000000234,SN220234,X3 M50 xDrive (G45),Spartanburg,I6 turbo (B58),Petrol,Automatic,CH0000050234,EURO 6e-bis,2024-01-01,2024-02-08,2024-01-12,105265,8.2,,,0.00,Partial,,1,293,398,OWN-00299,US-EAST,US-NY,SC-NYC,105
WBA00000000000048,SN220048,iX M60,Dingolfing,Dual-motor electric (Gen5),Electric,Automatic,CH0000050048,Zero Emission,2022-11-06,2022-12-17,2022-12-16,29506,0.0,,,0.00,Up to date,Open,2,397,540,OWN-00300,EU-WE,BE,SC-FRA,187
WBA00000000000101,SN180101,iX M60,Dingolfing,Dual-motor electric (Gen5),Electric,Automatic,CH0000050101,Zero Emission,2021-01-01,2021-01-31,2021-01-31,85730,0.0,,,0.00,Partial,,1,397,540,OWN-00301,EU-WE,IT,SC-NYC,109
WBA00000000000294,SN250294,iX M60,Dingolfing,Dual-motor electric (Gen5),Electric,Automatic,CH0000050294,Zero Emission,2025-05-22,2025-06-29,2025-06-01,11592,0.0,,,0.00,Partial,Open,1,397,540,OWN-00302,EU-WE,BE,SC-CHI,183
WBA00000000000008,SN210008,iX M60,Dingolfing,Dual-motor electric (Gen5),Electric,Automatic,CH0000050008,Zero Emission,2021-07-14,2021-07-23,2021-08-23,48881,0.0,,,0.00,Up to date,,2,397,540,OWN-00303,EU-DE,DE,SC-BER,81
WBA00000000000299,SN150299,3 Series 330i (G21 LCI),Munich,I4 turbo (B48),Petrol,Automatic,CH0000050299,EURO 6e-bis,2019-01-01,2019-01-31,2019-02-10,224217,10.1,,,0.00,Partial,Open,3,190,258,OWN-00304,EU-DE,DE,SC-LEI,64
WBA00000000000079,SN250079,3 Series 330i (G21 LCI),Munich,I4 turbo (B48),Petrol,Automatic,CH0000050079,EURO 6e-bis,2025-05-17,2025-06-23,2025-06-23,10563,10.1,,,0.00,Up to date,,1,190,258,OWN-00305,EU-WE,BE,SC-FRA,181
WBA00000000000141,SN240141,3 Series 330i (G21 LCI),Munich,I4 turbo (B48),Petrol,Automatic,CH0000050141,EURO 6e-bis,2024-05-01,2024-06-05,2024-06-12,4704,11.4,,,0.00,Partial,,0,190,258,OWN-00306,EU-WE,FR,SC-NYC,182
WBA00000000000278,SN220278,3 Series 330i (G21 LCI),Munich,I4 turbo (B48),Petrol,Automatic,CH0000050278,EURO 6e-bis,2022-08-10,2022-09-06,2022-09-30,105521,6.8,,,0.00,Up to date,,2,190,258,OWN-00307,EU-WE,AT,SC-HAM,168
WBA00000000000249,SN240249,i4 M50 (G26 LCI),Munich,Dual-motor electric (Gen5),Electric,Automatic,CH0000050249,Zero Emission,2024-03-16,2024-04-09,2024-05-03,9792,0.0,2025-12-31,Collision,4317.00,Partial,Closed,0,400,544,OWN-00308,EU-DE,DE,SC-BER,16
WBA00000000000112,SN230112,i4 M50 (G26 LCI),Munich,Dual-motor electric (Gen5),Electric,Automatic,CH0000050112,Zero Emission,2023-02-14,2023-03-06,2023-03-08,97994,0.0,,,0.00,Up to date,Open,0,400,544,OWN-00309,EU-WE,CH,SC-MUN,31
WBA00000000000219,SN230219,iX1 xDrive30 (U11 LCI),Regensburg,Dual-motor electric (Gen5),Electric,Automatic,CH0000050219,Zero Emission,2023-04-07,2023-04-22,2023-05-22,22837,0.0,,,0.00,Partial,Open,1,230,313,OWN-00310,EU-DE,DE,SC-REG,52
WBA00000000000114,SN220114,iX1 xDrive30 (U11 LCI),Regensburg,Dual-motor electric (Gen5),Electric,Automatic,CH0000050114,Zero Emission,2023-01-01,2023-01-13,2023-01-27,79372,0.0,,,0.00,Partial,,1,230,313,OWN-00311,EU-WE,NL,SC-MTY,101
WBA00000000000061,SN200061,iX1 xDrive30 (U11 LCI),Regensburg,Dual-motor electric (Gen5),Electric,Automatic,CH0000050061,Zero Emission,2023-01-01,2023-01-08,2023-01-22,66363,0.0,2023-08-29,Rear-end,2795.00,Up to date,,2,230,313,OWN-00312,EU-DE,DE,SC-MUN,73
WBA00000000000194,SN190194,iX1 xDrive30 (U11 LCI),Regensburg,Dual-motor electric (Gen5),Electric,Automatic,CH0000050194,Zero Emission,2023-01-01,2023-01-30,2023-03-01,112406,0.0,,,0.00,Up to date,,0,230,313,OWN-00313,EU-DE,DE,SC-FRA,199
WBA00000000000121,SN180121,iX1 xDrive30 (U11 LCI),Regensburg,Dual-motor electric (Gen5),Electric,Automatic,CH0000050121,Zero Emission,2023-01-01,2023-01-18,2023-01-26,216819,0.0,,,0.00,Up to date,Open,0,230,313,OWN-00314,EU-DE,DE,SC-BER,27
WBA00000000000091,SN200091,iX1 xDrive30 (U11 LCI),Regensburg,Dual-motor electric (Gen5),Electric,Automatic,CH0000050091,Zero Emission,2023-01-01,2023-02-09,2023-02-02,72391,0.0,,,0.00,Partial,,1,230,313,OWN-00134,EU-WE,BE,SC-CHI,204
WBA00000000000076,SN170076,iX1 xDrive30 (U11 LCI),Regensburg,Dual-motor electric (Gen5),Electric,Automatic,CH0000050076,Zero Emission,2023-01-01,2023-01-25,2023-01-21,183340,0.0,,,0.00,Up to date,,0,230,313,OWN-00316,EU-WE,CH,SC-NYC,109
WBA00000000000165,SN150165,X5 M60e (G05 LCI),Spartanburg,I6 + e-motor PHEV (Gen5),Hybrid,Automatic,CH0000050165,EURO 6e-bis,2023-01-01,2023-01-30,2023-02-02,66965,5.6,,,0.00,Up to date,Closed,2,360,489,OWN-00317,US-CTRL,US-IL,SC-CHI,210
WBA00000000000216,SN240216,X5 M60e (G05 LCI),Spartanburg,I6 + e-motor PHEV (Gen5),Hybrid,Automatic,CH0000050216,EURO 6e-bis,2024-11-19,2024-12-19,2024-12-26,13064,6.5,,,0.00,Up to date,,1,360,489,OWN-00318,US-WEST,US-CA,SC-LAX,124
WBA00000000000066,SN170066,X5 M60e (G05 LCI),Spartanburg,I6 + e-motor PHEV (Gen5),Hybrid,Automatic,CH0000050066,EURO 6e-bis,2023-01-01,2023-02-10,2023-02-11,102314,5.2,2024-02-01,Minor,7397.00,Partial,,3,360,489,OWN-00319,US-WEST,US-CA,SC-LAX,218
WBA00000000000075,SN210075,X5 M60e (G05 LCI),Spartanburg,I6 + e-motor PHEV (Gen5),Hybrid,Automatic,CH0000050075,EURO 6e-bis,2023-01-01,2023-02-02,2023-01-25,16992,6.2,2024-08-02,Collision,7700.00,Up to date,,2,360,489,OWN-00320,US-CTRL,US-IL,SC-CHI,180
WBA00000000000063,SN160063,X5 M60e (G05 LCI),Spartanburg,I6 + e-motor PHEV (Gen5),Hybrid,Automatic,CH0000050063,EURO 6e-bis,2023-01-01,2023-02-07,2023-03-01,176188,6.4,2025-05-14,Rear-end,4601.00,Up to date,Closed,0,360,489,OWN-00321,US-CTRL,US-SC,SC-SPB,164
WBAEXT00002,SN300002,5 Series 530e (G60),Dingolfing,I4 turbo + e-motor PHEV (Gen5),Hybrid,Automatic,CH6000002,EURO 6e-bis,2025-10-21,2025-10-28,2025-11-01,0,0.0,,,,Up to date,,0,220,299,OWN-00322,EU-DE,DE,SC-BER,187
WBAEXT00007,SN300007,i7 xDrive60,Dingolfing,Dual-motor electric (Gen5),Electric,Automatic,CH6000007,Zero Emission,2025-07-28,2025-09-10,2025-09-26,0,0.0,,,,Up to date,,0,400,544,OWN-00323,EU-DE,DE,SC-HAM,43
WBAEXT00008,SN300008,iX1 eDrive20 (U11 LCI),Regensburg,Single-motor electric (Gen5),Electric,Automatic,CH6000008,Zero Emission,2023-04-07,2023-04-22,2023-05-22,0,0.0,,,,Up to date,,0,150,204,OWN-00024,US-CTRL,US-TX,SC-DAL,204
WBAEXT00005,SN300005,X5 xDrive40i (G05 LCI),Spartanburg,"I6 turbo (B58, 381hp)",Petrol,Automatic,CH6000005,EURO 6e-bis,2024-11-26,2024-12-14,2025-01-02,0,7.5,,,,Up to date,,0,280,381,OWN-00325,US-EAST,US-GA,SC-MIA,32
